dbo:Place;;;what is the abbreviation of <A>;select ?x where { <A> <http://dbpedia.org/ontology/abbreviation> ?x };select ?a where { ?a <http://dbpedia.org/ontology/abbreviation> [] . ?a a <http://dbpedia.org/ontology/Place> }
dbo:Place;;;what is the has abstract of <A>;select ?x where { <A> <http://dbpedia.org/ontology/abstract> ?x };select ?a where { ?a <http://dbpedia.org/ontology/abstract> [] . ?a a <http://dbpedia.org/ontology/Place> }
dbo:Place;;;when is the end of active years of <A>;select ?x where { <A> <http://dbpedia.org/ontology/activeYearsEndDate> ?x };select ?a where { ?a <http://dbpedia.org/ontology/activeYearsEndDate> [] . ?a a <http://dbpedia.org/ontology/Place> }
dbo:Place;;;what is the end year of active years of <A>;select ?x where { <A> <http://dbpedia.org/ontology/activeYearsEndYear> ?x };select ?a where { ?a <http://dbpedia.org/ontology/activeYearsEndYear> [] . ?a a <http://dbpedia.org/ontology/Place> }
dbo:Place;;;when is the start of active years of <A>;select ?x where { <A> <http://dbpedia.org/ontology/activeYearsStartDate> ?x };select ?a where { ?a <http://dbpedia.org/ontology/activeYearsStartDate> [] . ?a a <http://dbpedia.org/ontology/Place> }
dbo:Place;;;when is the start year of active years of <A>;select ?x where { <A> <http://dbpedia.org/ontology/activeYearsStartYear> ?x };select ?a where { ?a <http://dbpedia.org/ontology/activeYearsStartYear> [] . ?a a <http://dbpedia.org/ontology/Place> }
dbo:Place;;;what is the address of <A>;select ?x where { <A> <http://dbpedia.org/ontology/address> ?x };select ?a where { ?a <http://dbpedia.org/ontology/address> [] . ?a a <http://dbpedia.org/ontology/Place> }
dbo:Place;;;what is the affiliation of <A>;select ?x where { <A> <http://dbpedia.org/ontology/affiliation> ?x };select ?a where { ?a <http://dbpedia.org/ontology/affiliation> [] . ?a a <http://dbpedia.org/ontology/Place> }
dbo:Place;;;what is the age range of <A>;select ?x where { <A> <http://dbpedia.org/ontology/ageRange> ?x };select ?a where { ?a <http://dbpedia.org/ontology/ageRange> [] . ?a a <http://dbpedia.org/ontology/Place> }
dbo:Place;;;what is the album of <A>;select ?x where { <A> <http://dbpedia.org/ontology/album> ?x };select ?a where { ?a <http://dbpedia.org/ontology/album> [] . ?a a <http://dbpedia.org/ontology/Place> }
dbo:Place;;;what is the alias of <A>;select ?x where { <A> <http://dbpedia.org/ontology/alias> ?x };select ?a where { ?a <http://dbpedia.org/ontology/alias> [] . ?a a <http://dbpedia.org/ontology/Place> }
dbo:Place;;;who is the alongside of <A>;select ?x where { <A> <http://dbpedia.org/ontology/alongside> ?x };select ?a where { ?a <http://dbpedia.org/ontology/alongside> [] . ?a a <http://dbpedia.org/ontology/Place> }
dbo:Place;;;what is the alternative name of <A>;select ?x where { <A> <http://dbpedia.org/ontology/alternativeName> ?x };select ?a where { ?a <http://dbpedia.org/ontology/alternativeName> [] . ?a a <http://dbpedia.org/ontology/Place> }
dbo:Place;;;what is the anthem of <A>;select ?x where { <A> <http://dbpedia.org/ontology/anthem> ?x };select ?a where { ?a <http://dbpedia.org/ontology/anthem> [] . ?a a <http://dbpedia.org/ontology/Place> }
dbo:Place;;;who is the appointer of <A>;select ?x where { <A> <http://dbpedia.org/ontology/appointer> ?x };select ?a where { ?a <http://dbpedia.org/ontology/appointer> [] . ?a a <http://dbpedia.org/ontology/Place> }
dbo:Place;;;what is the area of <A>;select ?x where { <A> <http://dbpedia.org/ontology/area> ?x };select ?a where { ?a <http://dbpedia.org/ontology/area> [] . ?a a <http://dbpedia.org/ontology/Place> }
dbo:Place;;;what is the area code of <A>;select ?x where { <A> <http://dbpedia.org/ontology/areaCode> ?x };select ?a where { ?a <http://dbpedia.org/ontology/areaCode> [] . ?a a <http://dbpedia.org/ontology/Place> }
dbo:Place;;;what is the area land of <A>;select ?x where { <A> <http://dbpedia.org/ontology/areaLand> ?x };select ?a where { ?a <http://dbpedia.org/ontology/areaLand> [] . ?a a <http://dbpedia.org/ontology/Place> }
dbo:Place;;;what is the area metro of <A>;select ?x where { <A> <http://dbpedia.org/ontology/areaMetro> ?x };select ?a where { ?a <http://dbpedia.org/ontology/areaMetro> [] . ?a a <http://dbpedia.org/ontology/Place> }
dbo:Place;;;what is the area total of <A>;select ?x where { <A> <http://dbpedia.org/ontology/areaTotal> ?x };select ?a where { ?a <http://dbpedia.org/ontology/areaTotal> [] . ?a a <http://dbpedia.org/ontology/Place> }
dbo:Place;;;what is the area water of <A>;select ?x where { <A> <http://dbpedia.org/ontology/areaWater> ?x };select ?a where { ?a <http://dbpedia.org/ontology/areaWater> [] . ?a a <http://dbpedia.org/ontology/Place> }
dbo:Place;;;who is the associate of <A>;select ?x where { <A> <http://dbpedia.org/ontology/associate> ?x };select ?a where { ?a <http://dbpedia.org/ontology/associate> [] . ?a a <http://dbpedia.org/ontology/Place> }
dbo:Place;;;what is the associated band of <A>;select ?x where { <A> <http://dbpedia.org/ontology/associatedBand> ?x };select ?a where { ?a <http://dbpedia.org/ontology/associatedBand> [] . ?a a <http://dbpedia.org/ontology/Place> }
dbo:Place;;;what is the associated musical artist of <A>;select ?x where { <A> <http://dbpedia.org/ontology/associatedMusicalArtist> ?x };select ?a where { ?a <http://dbpedia.org/ontology/associatedMusicalArtist> [] . ?a a <http://dbpedia.org/ontology/Place> }
dbo:Place;;;what is the atc code of <A>;select ?x where { <A> <http://dbpedia.org/ontology/atcCode> ?x };select ?a where { ?a <http://dbpedia.org/ontology/atcCode> [] . ?a a <http://dbpedia.org/ontology/Place> }
dbo:Place;;;what is the authority of <A>;select ?x where { <A> <http://dbpedia.org/ontology/authority> ?x };select ?a where { ?a <http://dbpedia.org/ontology/authority> [] . ?a a <http://dbpedia.org/ontology/Place> }
dbo:Place;;;what is the average depth of <A>;select ?x where { <A> <http://dbpedia.org/ontology/averageDepth> ?x };select ?a where { ?a <http://dbpedia.org/ontology/averageDepth> [] . ?a a <http://dbpedia.org/ontology/Place> }
dbo:Place;;;what is the average speed of <A>;select ?x where { <A> <http://dbpedia.org/ontology/averageSpeed> ?x };select ?a where { ?a <http://dbpedia.org/ontology/averageSpeed> [] . ?a a <http://dbpedia.org/ontology/Place> }
dbo:Place;;;what is the award of <A>;select ?x where { <A> <http://dbpedia.org/ontology/award> ?x };select ?a where { ?a <http://dbpedia.org/ontology/award> [] . ?a a <http://dbpedia.org/ontology/Place> }
dbo:Place;;;what is the background of <A>;select ?x where { <A> <http://dbpedia.org/ontology/background> ?x };select ?a where { ?a <http://dbpedia.org/ontology/background> [] . ?a a <http://dbpedia.org/ontology/Place> }
dbo:Place;;;what is the battery of <A>;select ?x where { <A> <http://dbpedia.org/ontology/battery> ?x };select ?a where { ?a <http://dbpedia.org/ontology/battery> [] . ?a a <http://dbpedia.org/ontology/Place> }
dbo:Place;;;what is the battle of <A>;select ?x where { <A> <http://dbpedia.org/ontology/battle> ?x };select ?a where { ?a <http://dbpedia.org/ontology/battle> [] . ?a a <http://dbpedia.org/ontology/Place> }
dbo:Place;;;what is the bibsys id of <A>;select ?x where { <A> <http://dbpedia.org/ontology/bibsysId> ?x };select ?a where { ?a <http://dbpedia.org/ontology/bibsysId> [] . ?a a <http://dbpedia.org/ontology/Place> }
dbo:Place;;;what is the bnf id of <A>;select ?x where { <A> <http://dbpedia.org/ontology/bnfId> ?x };select ?a where { ?a <http://dbpedia.org/ontology/bnfId> [] . ?a a <http://dbpedia.org/ontology/Place> }
dbo:Place;;;what is the border of <A>;select ?x where { <A> <http://dbpedia.org/ontology/border> ?x };select ?a where { ?a <http://dbpedia.org/ontology/border> [] . ?a a <http://dbpedia.org/ontology/Place> }
dbo:Place;;;what is the budget of <A>;select ?x where { <A> <http://dbpedia.org/ontology/budget> ?x };select ?a where { ?a <http://dbpedia.org/ontology/budget> [] . ?a a <http://dbpedia.org/ontology/Place> }
dbo:Place;;;what is the builder of <A>;select ?x where { <A> <http://dbpedia.org/ontology/builder> ?x };select ?a where { ?a <http://dbpedia.org/ontology/builder> [] . ?a a <http://dbpedia.org/ontology/Place> }
dbo:Place;;;what is the building end date of <A>;select ?x where { <A> <http://dbpedia.org/ontology/buildingEndDate> ?x };select ?a where { ?a <http://dbpedia.org/ontology/buildingEndDate> [] . ?a a <http://dbpedia.org/ontology/Place> }
dbo:Place;;;what is the building start date of <A>;select ?x where { <A> <http://dbpedia.org/ontology/buildingStartDate> ?x };select ?a where { ?a <http://dbpedia.org/ontology/buildingStartDate> [] . ?a a <http://dbpedia.org/ontology/Place> }
dbo:Place;;;what is the call sign of <A>;select ?x where { <A> <http://dbpedia.org/ontology/callSign> ?x };select ?a where { ?a <http://dbpedia.org/ontology/callSign> [] . ?a a <http://dbpedia.org/ontology/Place> }
dbo:Place;;;what is the capacity of <A>;select ?x where { <A> <http://dbpedia.org/ontology/capacity> ?x };select ?a where { ?a <http://dbpedia.org/ontology/capacity> [] . ?a a <http://dbpedia.org/ontology/Place> }
dbo:Place;;;what is the cas number of <A>;select ?x where { <A> <http://dbpedia.org/ontology/casNumber> ?x };select ?a where { ?a <http://dbpedia.org/ontology/casNumber> [] . ?a a <http://dbpedia.org/ontology/Place> }
dbo:Place;;;what is the category of <A>;select ?x where { <A> <http://dbpedia.org/ontology/category> ?x };select ?a where { ?a <http://dbpedia.org/ontology/category> [] . ?a a <http://dbpedia.org/ontology/Place> }
dbo:Place;;;what is the chain of <A>;select ?x where { <A> <http://dbpedia.org/ontology/chain> ?x };select ?a where { ?a <http://dbpedia.org/ontology/chain> [] . ?a a <http://dbpedia.org/ontology/Place> }
dbo:Place;;;who is the chairman of <A>;select ?x where { <A> <http://dbpedia.org/ontology/chairman> ?x };select ?a where { ?a <http://dbpedia.org/ontology/chairman> [] . ?a a <http://dbpedia.org/ontology/Place> }
dbo:Place;;;who is the chancellor of <A>;select ?x where { <A> <http://dbpedia.org/ontology/chancellor> ?x };select ?a where { ?a <http://dbpedia.org/ontology/chancellor> [] . ?a a <http://dbpedia.org/ontology/Place> }
dbo:Place;;;what is the channel of <A>;select ?x where { <A> <http://dbpedia.org/ontology/channel> ?x };select ?a where { ?a <http://dbpedia.org/ontology/channel> [] . ?a a <http://dbpedia.org/ontology/Place> }
dbo:Place;;;what is the city of <A>;select ?x where { <A> <http://dbpedia.org/ontology/city> ?x };select ?a where { ?a <http://dbpedia.org/ontology/city> [] . ?a a <http://dbpedia.org/ontology/Place> }
dbo:Place;;;what is the class of <A>;select ?x where { <A> <http://dbpedia.org/ontology/class> ?x };select ?a where { ?a <http://dbpedia.org/ontology/class> [] . ?a a <http://dbpedia.org/ontology/Place> }
dbo:Place;;;what is the classification of <A>;select ?x where { <A> <http://dbpedia.org/ontology/classification> ?x };select ?a where { ?a <http://dbpedia.org/ontology/classification> [] . ?a a <http://dbpedia.org/ontology/Place> }
dbo:Place;;;what is the closing date of <A>;select ?x where { <A> <http://dbpedia.org/ontology/closingDate> ?x };select ?a where { ?a <http://dbpedia.org/ontology/closingDate> [] . ?a a <http://dbpedia.org/ontology/Place> }
dbo:Place;;;what is the closing year of <A>;select ?x where { <A> <http://dbpedia.org/ontology/closingYear> ?x };select ?a where { ?a <http://dbpedia.org/ontology/closingYear> [] . ?a a <http://dbpedia.org/ontology/Place> }
dbo:Place;;;who is the coach of <A>;select ?x where { <A> <http://dbpedia.org/ontology/coach> ?x };select ?a where { ?a <http://dbpedia.org/ontology/coach> [] . ?a a <http://dbpedia.org/ontology/Place> }
dbo:Place;;;what is the code of <A>;select ?x where { <A> <http://dbpedia.org/ontology/code> ?x };select ?a where { ?a <http://dbpedia.org/ontology/code> [] . ?a a <http://dbpedia.org/ontology/Place> }
dbo:Place;;;what is the colour of <A>;select ?x where { <A> <http://dbpedia.org/ontology/colour> ?x };select ?a where { ?a <http://dbpedia.org/ontology/colour> [] . ?a a <http://dbpedia.org/ontology/Place> }
dbo:Place;;;what is the colour hex code of <A>;select ?x where { <A> <http://dbpedia.org/ontology/colourHexCode> ?x };select ?a where { ?a <http://dbpedia.org/ontology/colourHexCode> [] . ?a a <http://dbpedia.org/ontology/Place> }
dbo:Place;;;what is the colour name of <A>;select ?x where { <A> <http://dbpedia.org/ontology/colourName> ?x };select ?a where { ?a <http://dbpedia.org/ontology/colourName> [] . ?a a <http://dbpedia.org/ontology/Place> }
dbo:Place;;;who is the commander of <A>;select ?x where { <A> <http://dbpedia.org/ontology/commander> ?x };select ?a where { ?a <http://dbpedia.org/ontology/commander> [] . ?a a <http://dbpedia.org/ontology/Place> }
dbo:Place;;;what is the committee of <A>;select ?x where { <A> <http://dbpedia.org/ontology/committee> ?x };select ?a where { ?a <http://dbpedia.org/ontology/committee> [] . ?a a <http://dbpedia.org/ontology/Place> }
dbo:Place;;;what is the common name of <A>;select ?x where { <A> <http://dbpedia.org/ontology/commonName> ?x };select ?a where { ?a <http://dbpedia.org/ontology/commonName> [] . ?a a <http://dbpedia.org/ontology/Place> }
dbo:Place;;;what is the company of <A>;select ?x where { <A> <http://dbpedia.org/ontology/company> ?x };select ?a where { ?a <http://dbpedia.org/ontology/company> [] . ?a a <http://dbpedia.org/ontology/Place> }
dbo:Place;;;what is the connotation of <A>;select ?x where { <A> <http://dbpedia.org/ontology/connotation> ?x };select ?a where { ?a <http://dbpedia.org/ontology/connotation> [] . ?a a <http://dbpedia.org/ontology/Place> }
dbo:Place;;;what is the constituency district of <A>;select ?x where { <A> <http://dbpedia.org/ontology/constituencyDistrict> ?x };select ?a where { ?a <http://dbpedia.org/ontology/constituencyDistrict> [] . ?a a <http://dbpedia.org/ontology/Place> }
dbo:Place;;;what is the cospar id of <A>;select ?x where { <A> <http://dbpedia.org/ontology/cosparId> ?x };select ?a where { ?a <http://dbpedia.org/ontology/cosparId> [] . ?a a <http://dbpedia.org/ontology/Place> }
dbo:Place;;;what is the cost of <A>;select ?x where { <A> <http://dbpedia.org/ontology/cost> ?x };select ?a where { ?a <http://dbpedia.org/ontology/cost> [] . ?a a <http://dbpedia.org/ontology/Place> }
dbo:Place;;;what is the country of <A>;select ?x where { <A> <http://dbpedia.org/ontology/country> ?x };select ?a where { ?a <http://dbpedia.org/ontology/country> [] . ?a a <http://dbpedia.org/ontology/Place> }
dbo:Place;;;what is the country code of <A>;select ?x where { <A> <http://dbpedia.org/ontology/countryCode> ?x };select ?a where { ?a <http://dbpedia.org/ontology/countryCode> [] . ?a a <http://dbpedia.org/ontology/Place> }
dbo:Place;;;what is the county of <A>;select ?x where { <A> <http://dbpedia.org/ontology/county> ?x };select ?a where { ?a <http://dbpedia.org/ontology/county> [] . ?a a <http://dbpedia.org/ontology/Place> }
dbo:Place;;;what is the cpu of <A>;select ?x where { <A> <http://dbpedia.org/ontology/cpu> ?x };select ?a where { ?a <http://dbpedia.org/ontology/cpu> [] . ?a a <http://dbpedia.org/ontology/Place> }
dbo:Place;;;what is the creator of <A>;select ?x where { <A> <http://dbpedia.org/ontology/creator> ?x };select ?a where { ?a <http://dbpedia.org/ontology/creator> [] . ?a a <http://dbpedia.org/ontology/Place> }
dbo:Place;;;what is the cuisine of <A>;select ?x where { <A> <http://dbpedia.org/ontology/cuisine> ?x };select ?a where { ?a <http://dbpedia.org/ontology/cuisine> [] . ?a a <http://dbpedia.org/ontology/Place> }
dbo:Place;;;what is the currency of <A>;select ?x where { <A> <http://dbpedia.org/ontology/currency> ?x };select ?a where { ?a <http://dbpedia.org/ontology/currency> [] . ?a a <http://dbpedia.org/ontology/Place> }
dbo:Place;;;what is the currency code of <A>;select ?x where { <A> <http://dbpedia.org/ontology/currencyCode> ?x };select ?a where { ?a <http://dbpedia.org/ontology/currencyCode> [] . ?a a <http://dbpedia.org/ontology/Place> }
dbo:Place;;;what is the current status of <A>;select ?x where { <A> <http://dbpedia.org/ontology/currentStatus> ?x };select ?a where { ?a <http://dbpedia.org/ontology/currentStatus> [] . ?a a <http://dbpedia.org/ontology/Place> }
dbo:Place;;;what is the date of <A>;select ?x where { <A> <http://dbpedia.org/ontology/date> ?x };select ?a where { ?a <http://dbpedia.org/ontology/date> [] . ?a a <http://dbpedia.org/ontology/Place> }
dbo:Place;;;what is the date of abandonment of <A>;select ?x where { <A> <http://dbpedia.org/ontology/dateOfAbandonment> ?x };select ?a where { ?a <http://dbpedia.org/ontology/dateOfAbandonment> [] . ?a a <http://dbpedia.org/ontology/Place> }
dbo:Place;;;what is the delivery date of <A>;select ?x where { <A> <http://dbpedia.org/ontology/deliveryDate> ?x };select ?a where { ?a <http://dbpedia.org/ontology/deliveryDate> [] . ?a a <http://dbpedia.org/ontology/Place> }
dbo:Place;;;what is the demonym of <A>;select ?x where { <A> <http://dbpedia.org/ontology/demonym> ?x };select ?a where { ?a <http://dbpedia.org/ontology/demonym> [] . ?a a <http://dbpedia.org/ontology/Place> }
dbo:Place;;;what is the density of <A>;select ?x where { <A> <http://dbpedia.org/ontology/density> ?x };select ?a where { ?a <http://dbpedia.org/ontology/density> [] . ?a a <http://dbpedia.org/ontology/Place> }
dbo:Place;;;what is the depiction description of <A>;select ?x where { <A> <http://dbpedia.org/ontology/depictionDescription> ?x };select ?a where { ?a <http://dbpedia.org/ontology/depictionDescription> [] . ?a a <http://dbpedia.org/ontology/Place> }
dbo:Place;;;what is the depth of <A>;select ?x where { <A> <http://dbpedia.org/ontology/depth> ?x };select ?a where { ?a <http://dbpedia.org/ontology/depth> [] . ?a a <http://dbpedia.org/ontology/Place> }
dbo:Place;;;who is the deputy of <A>;select ?x where { <A> <http://dbpedia.org/ontology/deputy> ?x };select ?a where { ?a <http://dbpedia.org/ontology/deputy> [] . ?a a <http://dbpedia.org/ontology/Place> }
dbo:Place;;;what is the description of <A>;select ?x where { <A> <http://dbpedia.org/ontology/description> ?x };select ?a where { ?a <http://dbpedia.org/ontology/description> [] . ?a a <http://dbpedia.org/ontology/Place> }
dbo:Place;;;what is the designer company of <A>;select ?x where { <A> <http://dbpedia.org/ontology/designCompany> ?x };select ?a where { ?a <http://dbpedia.org/ontology/designCompany> [] . ?a a <http://dbpedia.org/ontology/Place> }
dbo:Place;;;who is the designer of <A>;select ?x where { <A> <http://dbpedia.org/ontology/designer> ?x };select ?a where { ?a <http://dbpedia.org/ontology/designer> [] . ?a a <http://dbpedia.org/ontology/Place> }
dbo:Place;;;what is the destruction date of <A>;select ?x where { <A> <http://dbpedia.org/ontology/destructionDate> ?x };select ?a where { ?a <http://dbpedia.org/ontology/destructionDate> [] . ?a a <http://dbpedia.org/ontology/Place> }
dbo:Place;;;what is the developer of <A>;select ?x where { <A> <http://dbpedia.org/ontology/developer> ?x };select ?a where { ?a <http://dbpedia.org/ontology/developer> [] . ?a a <http://dbpedia.org/ontology/Place> }
dbo:Place;;;what is the diameter of <A>;select ?x where { <A> <http://dbpedia.org/ontology/diameter> ?x };select ?a where { ?a <http://dbpedia.org/ontology/diameter> [] . ?a a <http://dbpedia.org/ontology/Place> }
dbo:Place;;;what is the diocese of <A>;select ?x where { <A> <http://dbpedia.org/ontology/diocese> ?x };select ?a where { ?a <http://dbpedia.org/ontology/diocese> [] . ?a a <http://dbpedia.org/ontology/Place> }
dbo:Place;;;who is the discoverer of <A>;select ?x where { <A> <http://dbpedia.org/ontology/discoverer> ?x };select ?a where { ?a <http://dbpedia.org/ontology/discoverer> [] . ?a a <http://dbpedia.org/ontology/Place> }
dbo:Place;;;what is the disease of <A>;select ?x where { <A> <http://dbpedia.org/ontology/disease> ?x };select ?a where { ?a <http://dbpedia.org/ontology/disease> [] . ?a a <http://dbpedia.org/ontology/Place> }
dbo:Place;;;what is the distance of <A>;select ?x where { <A> <http://dbpedia.org/ontology/distance> ?x };select ?a where { ?a <http://dbpedia.org/ontology/distance> [] . ?a a <http://dbpedia.org/ontology/Place> }
dbo:Place;;;what is the distributor of <A>;select ?x where { <A> <http://dbpedia.org/ontology/distributor> ?x };select ?a where { ?a <http://dbpedia.org/ontology/distributor> [] . ?a a <http://dbpedia.org/ontology/Place> }
dbo:Place;;;what is the district of <A>;select ?x where { <A> <http://dbpedia.org/ontology/district> ?x };select ?a where { ?a <http://dbpedia.org/ontology/district> [] . ?a a <http://dbpedia.org/ontology/Place> }
dbo:Place;;;what is the division of <A>;select ?x where { <A> <http://dbpedia.org/ontology/division> ?x };select ?a where { ?a <http://dbpedia.org/ontology/division> [] . ?a a <http://dbpedia.org/ontology/Place> }
dbo:Place;;;what is the draft of <A>;select ?x where { <A> <http://dbpedia.org/ontology/draft> ?x };select ?a where { ?a <http://dbpedia.org/ontology/draft> [] . ?a a <http://dbpedia.org/ontology/Place> }
dbo:Place;;;what is the draft year of <A>;select ?x where { <A> <http://dbpedia.org/ontology/draftYear> ?x };select ?a where { ?a <http://dbpedia.org/ontology/draftYear> [] . ?a a <http://dbpedia.org/ontology/Place> }
dbo:Place;;;what is the drugbank of <A>;select ?x where { <A> <http://dbpedia.org/ontology/drugbank> ?x };select ?a where { ?a <http://dbpedia.org/ontology/drugbank> [] . ?a a <http://dbpedia.org/ontology/Place> }
dbo:Place;;;what is the duration of <A>;select ?x where { <A> <http://dbpedia.org/ontology/duration> ?x };select ?a where { ?a <http://dbpedia.org/ontology/duration> [] . ?a a <http://dbpedia.org/ontology/Place> }
dbo:Place;;;what is the editor of <A>;select ?x where { <A> <http://dbpedia.org/ontology/editor> ?x };select ?a where { ?a <http://dbpedia.org/ontology/editor> [] . ?a a <http://dbpedia.org/ontology/Place> }
dbo:Place;;;what is the election majority of <A>;select ?x where { <A> <http://dbpedia.org/ontology/electionMajority> ?x };select ?a where { ?a <http://dbpedia.org/ontology/electionMajority> [] . ?a a <http://dbpedia.org/ontology/Place> }
dbo:Place;;;what is the elevation of <A>;select ?x where { <A> <http://dbpedia.org/ontology/elevation> ?x };select ?a where { ?a <http://dbpedia.org/ontology/elevation> [] . ?a a <http://dbpedia.org/ontology/Place> }
dbo:Place;;;who is the engineer of <A>;select ?x where { <A> <http://dbpedia.org/ontology/engineer> ?x };select ?a where { ?a <http://dbpedia.org/ontology/engineer> [] . ?a a <http://dbpedia.org/ontology/Place> }
dbo:Place;;;what is the era of <A>;select ?x where { <A> <http://dbpedia.org/ontology/era> ?x };select ?a where { ?a <http://dbpedia.org/ontology/era> [] . ?a a <http://dbpedia.org/ontology/Place> }
dbo:Place;;;what is the ethnic groups in year of <A>;select ?x where { <A> <http://dbpedia.org/ontology/ethnicGroupsInYear> ?x };select ?a where { ?a <http://dbpedia.org/ontology/ethnicGroupsInYear> [] . ?a a <http://dbpedia.org/ontology/Place> }
dbo:Place;;;what is the event of <A>;select ?x where { <A> <http://dbpedia.org/ontology/event> ?x };select ?a where { ?a <http://dbpedia.org/ontology/event> [] . ?a a <http://dbpedia.org/ontology/Place> }
dbo:Place;;;who is the executive producer of <A>;select ?x where { <A> <http://dbpedia.org/ontology/executiveProducer> ?x };select ?a where { ?a <http://dbpedia.org/ontology/executiveProducer> [] . ?a a <http://dbpedia.org/ontology/Place> }
dbo:Place;;;what is the failed launches of <A>;select ?x where { <A> <http://dbpedia.org/ontology/failedLaunches> ?x };select ?a where { ?a <http://dbpedia.org/ontology/failedLaunches> [] . ?a a <http://dbpedia.org/ontology/Place> }
dbo:Place;;;what is the fda unii code of <A>;select ?x where { <A> <http://dbpedia.org/ontology/fdaUniiCode> ?x };select ?a where { ?a <http://dbpedia.org/ontology/fdaUniiCode> [] . ?a a <http://dbpedia.org/ontology/Place> }
dbo:Place;;;"""what is the """"feast day of <A>""";select ?x where { <A> <xsd:date> ?x };select ?a where { ?a <xsd:date> [] . ?a a <http://dbpedia.org/ontology/Place> }
dbo:Place;;;who is the firstleader of <A>;select ?x where { <A> <http://dbpedia.org/ontology/firstLeader> ?x };select ?a where { ?a <http://dbpedia.org/ontology/firstLeader> [] . ?a a <http://dbpedia.org/ontology/Place> }
dbo:Place;;;who is the firstpopularvote of <A>;select ?x where { <A> <http://dbpedia.org/ontology/firstPopularVote> ?x };select ?a where { ?a <http://dbpedia.org/ontology/firstPopularVote> [] . ?a a <http://dbpedia.org/ontology/Place> }
dbo:Place;;;what is the flooding date of <A>;select ?x where { <A> <http://dbpedia.org/ontology/floodingDate> ?x };select ?a where { ?a <http://dbpedia.org/ontology/floodingDate> [] . ?a a <http://dbpedia.org/ontology/Place> }
dbo:Place;;;what is the focus of <A>;select ?x where { <A> <http://dbpedia.org/ontology/focus> ?x };select ?a where { ?a <http://dbpedia.org/ontology/focus> [] . ?a a <http://dbpedia.org/ontology/Place> }
dbo:Place;;;what is the format of <A>;select ?x where { <A> <http://dbpedia.org/ontology/format> ?x };select ?a where { ?a <http://dbpedia.org/ontology/format> [] . ?a a <http://dbpedia.org/ontology/Place> }
dbo:Place;;;what is the former name of <A>;select ?x where { <A> <http://dbpedia.org/ontology/formerName> ?x };select ?a where { ?a <http://dbpedia.org/ontology/formerName> [] . ?a a <http://dbpedia.org/ontology/Place> }
dbo:Place;;;what is the founded by of <A>;select ?x where { <A> <http://dbpedia.org/ontology/foundedBy> ?x };select ?a where { ?a <http://dbpedia.org/ontology/foundedBy> [] . ?a a <http://dbpedia.org/ontology/Place> }
dbo:Place;;;who is the founder of <A>;select ?x where { <A> <http://dbpedia.org/ontology/founder> ?x };select ?a where { ?a <http://dbpedia.org/ontology/founder> [] . ?a a <http://dbpedia.org/ontology/Place> }
dbo:Place;;;what is the founding date of <A>;select ?x where { <A> <http://dbpedia.org/ontology/foundingDate> ?x };select ?a where { ?a <http://dbpedia.org/ontology/foundingDate> [] . ?a a <http://dbpedia.org/ontology/Place> }
dbo:Place;;;what is the founding year of <A>;select ?x where { <A> <http://dbpedia.org/ontology/foundingYear> ?x };select ?a where { ?a <http://dbpedia.org/ontology/foundingYear> [] . ?a a <http://dbpedia.org/ontology/Place> }
dbo:Place;;;what is the frequency of <A>;select ?x where { <A> <http://dbpedia.org/ontology/frequency> ?x };select ?a where { ?a <http://dbpedia.org/ontology/frequency> [] . ?a a <http://dbpedia.org/ontology/Place> }
dbo:Place;;;what is the fuel type of <A>;select ?x where { <A> <http://dbpedia.org/ontology/fuelType> ?x };select ?a where { ?a <http://dbpedia.org/ontology/fuelType> [] . ?a a <http://dbpedia.org/ontology/Place> }
dbo:Place;;;what is the gender of <A>;select ?x where { <A> <http://dbpedia.org/ontology/gender> ?x };select ?a where { ?a <http://dbpedia.org/ontology/gender> [] . ?a a <http://dbpedia.org/ontology/Place> }
dbo:Place;;;what is the genre of <A>;select ?x where { <A> <http://dbpedia.org/ontology/genre> ?x };select ?a where { ?a <http://dbpedia.org/ontology/genre> [] . ?a a <http://dbpedia.org/ontology/Place> }
dbo:Place;;;what is the governing body of <A>;select ?x where { <A> <http://dbpedia.org/ontology/governingBody> ?x };select ?a where { ?a <http://dbpedia.org/ontology/governingBody> [] . ?a a <http://dbpedia.org/ontology/Place> }
dbo:Place;;;what is the government type of <A>;select ?x where { <A> <http://dbpedia.org/ontology/governmentType> ?x };select ?a where { ?a <http://dbpedia.org/ontology/governmentType> [] . ?a a <http://dbpedia.org/ontology/Place> }
dbo:Place;;;who is the governor of <A>;select ?x where { <A> <http://dbpedia.org/ontology/governor> ?x };select ?a where { ?a <http://dbpedia.org/ontology/governor> [] . ?a a <http://dbpedia.org/ontology/Place> }
dbo:Place;;;who is the governor general of <A>;select ?x where { <A> <http://dbpedia.org/ontology/governorGeneral> ?x };select ?a where { ?a <http://dbpedia.org/ontology/governorGeneral> [] . ?a a <http://dbpedia.org/ontology/Place> }
dbo:Place;;;what is the name in ancient greek of <A>;select ?x where { <A> <http://dbpedia.org/ontology/greekName> ?x };select ?a where { ?a <http://dbpedia.org/ontology/greekName> [] . ?a a <http://dbpedia.org/ontology/Place> }
dbo:Place;;;what is the grid reference of <A>;select ?x where { <A> <http://dbpedia.org/ontology/gridReference> ?x };select ?a where { ?a <http://dbpedia.org/ontology/gridReference> [] . ?a a <http://dbpedia.org/ontology/Place> }
dbo:Place;;;what is the variant or variation of <A>;select ?x where { <A> <http://dbpedia.org/ontology/hasVariant> ?x };select ?a where { ?a <http://dbpedia.org/ontology/hasVariant> [] . ?a a <http://dbpedia.org/ontology/Place> }
dbo:Place;;;what is the height of <A>;select ?x where { <A> <http://dbpedia.org/ontology/height> ?x };select ?a where { ?a <http://dbpedia.org/ontology/height> [] . ?a a <http://dbpedia.org/ontology/Place> }
dbo:Place;;;what is the highest place of <A>;select ?x where { <A> <http://dbpedia.org/ontology/highestPlace> ?x };select ?a where { ?a <http://dbpedia.org/ontology/highestPlace> [] . ?a a <http://dbpedia.org/ontology/Place> }
dbo:Place;;;what is the highschool of <A>;select ?x where { <A> <http://dbpedia.org/ontology/highschool> ?x };select ?a where { ?a <http://dbpedia.org/ontology/highschool> [] . ?a a <http://dbpedia.org/ontology/Place> }
dbo:Place;;;what is the home stadium of <A>;select ?x where { <A> <http://dbpedia.org/ontology/homeStadium> ?x };select ?a where { ?a <http://dbpedia.org/ontology/homeStadium> [] . ?a a <http://dbpedia.org/ontology/Place> }
dbo:Place;;;what is the honours of <A>;select ?x where { <A> <http://dbpedia.org/ontology/honours> ?x };select ?a where { ?a <http://dbpedia.org/ontology/honours> [] . ?a a <http://dbpedia.org/ontology/Place> }
dbo:Place;;;what is the image size of <A>;select ?x where { <A> <http://dbpedia.org/ontology/imageSize> ?x };select ?a where { ?a <http://dbpedia.org/ontology/imageSize> [] . ?a a <http://dbpedia.org/ontology/Place> }
dbo:Place;;;what is the imdb id of <A>;select ?x where { <A> <http://dbpedia.org/ontology/imdbId> ?x };select ?a where { ?a <http://dbpedia.org/ontology/imdbId> [] . ?a a <http://dbpedia.org/ontology/Place> }
dbo:Place;;;who is the incumbent of <A>;select ?x where { <A> <http://dbpedia.org/ontology/incumbent> ?x };select ?a where { ?a <http://dbpedia.org/ontology/incumbent> [] . ?a a <http://dbpedia.org/ontology/Place> }
dbo:Place;;;what is the individualised gnd number of <A>;select ?x where { <A> <http://dbpedia.org/ontology/individualisedGnd> ?x };select ?a where { ?a <http://dbpedia.org/ontology/individualisedGnd> [] . ?a a <http://dbpedia.org/ontology/Place> }
dbo:Place;;;what is the influenced of <A>;select ?x where { <A> <http://dbpedia.org/ontology/influenced> ?x };select ?a where { ?a <http://dbpedia.org/ontology/influenced> [] . ?a a <http://dbpedia.org/ontology/Place> }
dbo:Place;;;what is the influenced by of <A>;select ?x where { <A> <http://dbpedia.org/ontology/influencedBy> ?x };select ?a where { ?a <http://dbpedia.org/ontology/influencedBy> [] . ?a a <http://dbpedia.org/ontology/Place> }
dbo:Place;;;what is the institution of <A>;select ?x where { <A> <http://dbpedia.org/ontology/institution> ?x };select ?a where { ?a <http://dbpedia.org/ontology/institution> [] . ?a a <http://dbpedia.org/ontology/Place> }
dbo:Place;;;what is the intercommunality of <A>;select ?x where { <A> <http://dbpedia.org/ontology/intercommunality> ?x };select ?a where { ?a <http://dbpedia.org/ontology/intercommunality> [] . ?a a <http://dbpedia.org/ontology/Place> }
dbo:Place;;;what is the introduced of <A>;select ?x where { <A> <http://dbpedia.org/ontology/introduced> ?x };select ?a where { ?a <http://dbpedia.org/ontology/introduced> [] . ?a a <http://dbpedia.org/ontology/Place> }
dbo:Place;;;what is the is part of of <A>;select ?x where { <A> <http://dbpedia.org/ontology/isPartOf> ?x };select ?a where { ?a <http://dbpedia.org/ontology/isPartOf> [] . ?a a <http://dbpedia.org/ontology/Place> }
dbo:Place;;;what is the is part of of <A>;select ?x where { <A> <http://dbpedia.org/ontology/isPartOfName> ?x };select ?a where { ?a <http://dbpedia.org/ontology/isPartOfName> [] . ?a a <http://dbpedia.org/ontology/Place> }
dbo:Place;;;what is the isni id of <A>;select ?x where { <A> <http://dbpedia.org/ontology/isniId> ?x };select ?a where { ?a <http://dbpedia.org/ontology/isniId> [] . ?a a <http://dbpedia.org/ontology/Place> }
dbo:Place;;;what is the iso 3166-1 code of <A>;select ?x where { <A> <http://dbpedia.org/ontology/iso31661Code> ?x };select ?a where { ?a <http://dbpedia.org/ontology/iso31661Code> [] . ?a a <http://dbpedia.org/ontology/Place> }
dbo:Place;;;what is the jurisdiction of <A>;select ?x where { <A> <http://dbpedia.org/ontology/jurisdiction> ?x };select ?a where { ?a <http://dbpedia.org/ontology/jurisdiction> [] . ?a a <http://dbpedia.org/ontology/Place> }
dbo:Place;;;who is the key person of <A>;select ?x where { <A> <http://dbpedia.org/ontology/keyPerson> ?x };select ?a where { ?a <http://dbpedia.org/ontology/keyPerson> [] . ?a a <http://dbpedia.org/ontology/Place> }
dbo:Place;;;what is the known for of <A>;select ?x where { <A> <http://dbpedia.org/ontology/knownFor> ?x };select ?a where { ?a <http://dbpedia.org/ontology/knownFor> [] . ?a a <http://dbpedia.org/ontology/Place> }
dbo:Place;;;what is the vastest lake of <A>;select ?x where { <A> <http://dbpedia.org/ontology/lake> ?x };select ?a where { ?a <http://dbpedia.org/ontology/lake> [] . ?a a <http://dbpedia.org/ontology/Place> }
dbo:Place;;;what is the language of <A>;select ?x where { <A> <http://dbpedia.org/ontology/language> ?x };select ?a where { ?a <http://dbpedia.org/ontology/language> [] . ?a a <http://dbpedia.org/ontology/Place> }
dbo:Place;;;what is the language regulator or academy of <A>;select ?x where { <A> <http://dbpedia.org/ontology/languageRegulator> ?x };select ?a where { ?a <http://dbpedia.org/ontology/languageRegulator> [] . ?a a <http://dbpedia.org/ontology/Place> }
dbo:Place;;;what is the name in latin of <A>;select ?x where { <A> <http://dbpedia.org/ontology/latinName> ?x };select ?a where { ?a <http://dbpedia.org/ontology/latinName> [] . ?a a <http://dbpedia.org/ontology/Place> }
dbo:Place;;;what is the lccn id of <A>;select ?x where { <A> <http://dbpedia.org/ontology/lccnId> ?x };select ?a where { ?a <http://dbpedia.org/ontology/lccnId> [] . ?a a <http://dbpedia.org/ontology/Place> }
dbo:Place;;;who is the leader of <A>;select ?x where { <A> <http://dbpedia.org/ontology/leader> ?x };select ?a where { ?a <http://dbpedia.org/ontology/leader> [] . ?a a <http://dbpedia.org/ontology/Place> }
dbo:Place;;;what is the league of <A>;select ?x where { <A> <http://dbpedia.org/ontology/league> ?x };select ?a where { ?a <http://dbpedia.org/ontology/league> [] . ?a a <http://dbpedia.org/ontology/Place> }
dbo:Place;;;what is the length of <A>;select ?x where { <A> <http://dbpedia.org/ontology/length> ?x };select ?a where { ?a <http://dbpedia.org/ontology/length> [] . ?a a <http://dbpedia.org/ontology/Place> }
dbo:Place;;;what is the licensee of <A>;select ?x where { <A> <http://dbpedia.org/ontology/licensee> ?x };select ?a where { ?a <http://dbpedia.org/ontology/licensee> [] . ?a a <http://dbpedia.org/ontology/Place> }
dbo:Place;;;who is the lieutenant of <A>;select ?x where { <A> <http://dbpedia.org/ontology/lieutenant> ?x };select ?a where { ?a <http://dbpedia.org/ontology/lieutenant> [] . ?a a <http://dbpedia.org/ontology/Place> }
dbo:Place;;;what is the local authority of <A>;select ?x where { <A> <http://dbpedia.org/ontology/localAuthority> ?x };select ?a where { ?a <http://dbpedia.org/ontology/localAuthority> [] . ?a a <http://dbpedia.org/ontology/Place> }
dbo:Place;;;what is the located in area of <A>;select ?x where { <A> <http://dbpedia.org/ontology/locatedInArea> ?x };select ?a where { ?a <http://dbpedia.org/ontology/locatedInArea> [] . ?a a <http://dbpedia.org/ontology/Place> }
dbo:Place;;;what is the location of <A>;select ?x where { <A> <http://dbpedia.org/ontology/location> ?x };select ?a where { ?a <http://dbpedia.org/ontology/location> [] . ?a a <http://dbpedia.org/ontology/Place> }
dbo:Place;;;what is the pa≈Ñstwo of <A>;select ?x where { <A> <http://dbpedia.org/ontology/locationCountry> ?x };select ?a where { ?a <http://dbpedia.org/ontology/locationCountry> [] . ?a a <http://dbpedia.org/ontology/Place> }
dbo:Place;;;what is the logo of <A>;select ?x where { <A> <http://dbpedia.org/ontology/logo> ?x };select ?a where { ?a <http://dbpedia.org/ontology/logo> [] . ?a a <http://dbpedia.org/ontology/Place> }
dbo:Place;;;what is the lowest place of <A>;select ?x where { <A> <http://dbpedia.org/ontology/lowestPlace> ?x };select ?a where { ?a <http://dbpedia.org/ontology/lowestPlace> [] . ?a a <http://dbpedia.org/ontology/Place> }
dbo:Place;;;what is the main interest of <A>;select ?x where { <A> <http://dbpedia.org/ontology/mainInterest> ?x };select ?a where { ?a <http://dbpedia.org/ontology/mainInterest> [] . ?a a <http://dbpedia.org/ontology/Place> }
dbo:Place;;;what is the management of <A>;select ?x where { <A> <http://dbpedia.org/ontology/management> ?x };select ?a where { ?a <http://dbpedia.org/ontology/management> [] . ?a a <http://dbpedia.org/ontology/Place> }
dbo:Place;;;what is the manufactory of <A>;select ?x where { <A> <http://dbpedia.org/ontology/manufactory> ?x };select ?a where { ?a <http://dbpedia.org/ontology/manufactory> [] . ?a a <http://dbpedia.org/ontology/Place> }
dbo:Place;;;what is the manufacturer of <A>;select ?x where { <A> <http://dbpedia.org/ontology/manufacturer> ?x };select ?a where { ?a <http://dbpedia.org/ontology/manufacturer> [] . ?a a <http://dbpedia.org/ontology/Place> }
dbo:Place;;;what is the map of <A>;select ?x where { <A> <http://dbpedia.org/ontology/map> ?x };select ?a where { ?a <http://dbpedia.org/ontology/map> [] . ?a a <http://dbpedia.org/ontology/Place> }
dbo:Place;;;what is the map caption of <A>;select ?x where { <A> <http://dbpedia.org/ontology/mapCaption> ?x };select ?a where { ?a <http://dbpedia.org/ontology/mapCaption> [] . ?a a <http://dbpedia.org/ontology/Place> }
dbo:Place;;;what is the mascot of <A>;select ?x where { <A> <http://dbpedia.org/ontology/mascot> ?x };select ?a where { ?a <http://dbpedia.org/ontology/mascot> [] . ?a a <http://dbpedia.org/ontology/Place> }
dbo:Place;;;what is the mass of <A>;select ?x where { <A> <http://dbpedia.org/ontology/mass> ?x };select ?a where { ?a <http://dbpedia.org/ontology/mass> [] . ?a a <http://dbpedia.org/ontology/Place> }
dbo:Place;;;what is the material of <A>;select ?x where { <A> <http://dbpedia.org/ontology/material> ?x };select ?a where { ?a <http://dbpedia.org/ontology/material> [] . ?a a <http://dbpedia.org/ontology/Place> }
dbo:Place;;;what is the maximum depth of <A>;select ?x where { <A> <http://dbpedia.org/ontology/maximumDepth> ?x };select ?a where { ?a <http://dbpedia.org/ontology/maximumDepth> [] . ?a a <http://dbpedia.org/ontology/Place> }
dbo:Place;;;what is the maximum elevation of <A>;select ?x where { <A> <http://dbpedia.org/ontology/maximumElevation> ?x };select ?a where { ?a <http://dbpedia.org/ontology/maximumElevation> [] . ?a a <http://dbpedia.org/ontology/Place> }
dbo:Place;;;what is the mayor of <A>;select ?x where { <A> <http://dbpedia.org/ontology/mayor> ?x };select ?a where { ?a <http://dbpedia.org/ontology/mayor> [] . ?a a <http://dbpedia.org/ontology/Place> }
dbo:Place;;;what is the mba id of <A>;select ?x where { <A> <http://dbpedia.org/ontology/mbaId> ?x };select ?a where { ?a <http://dbpedia.org/ontology/mbaId> [] . ?a a <http://dbpedia.org/ontology/Place> }
dbo:Place;;;what is the meaning of <A>;select ?x where { <A> <http://dbpedia.org/ontology/meaning> ?x };select ?a where { ?a <http://dbpedia.org/ontology/meaning> [] . ?a a <http://dbpedia.org/ontology/Place> }
dbo:Place;;;what is the medlineplus of <A>;select ?x where { <A> <http://dbpedia.org/ontology/medlinePlus> ?x };select ?a where { ?a <http://dbpedia.org/ontology/medlinePlus> [] . ?a a <http://dbpedia.org/ontology/Place> }
dbo:Place;;;what is the military unit size of <A>;select ?x where { <A> <http://dbpedia.org/ontology/militaryUnitSize> ?x };select ?a where { ?a <http://dbpedia.org/ontology/militaryUnitSize> [] . ?a a <http://dbpedia.org/ontology/Place> }
dbo:Place;;;what is the minimum elevation of <A>;select ?x where { <A> <http://dbpedia.org/ontology/minimumElevation> ?x };select ?a where { ?a <http://dbpedia.org/ontology/minimumElevation> [] . ?a a <http://dbpedia.org/ontology/Place> }
dbo:Place;;;what is the minister of <A>;select ?x where { <A> <http://dbpedia.org/ontology/minister> ?x };select ?a where { ?a <http://dbpedia.org/ontology/minister> [] . ?a a <http://dbpedia.org/ontology/Place> }
dbo:Place;;;what is the mission of <A>;select ?x where { <A> <http://dbpedia.org/ontology/mission> ?x };select ?a where { ?a <http://dbpedia.org/ontology/mission> [] . ?a a <http://dbpedia.org/ontology/Place> }
dbo:Place;;;who is the monarch of <A>;select ?x where { <A> <http://dbpedia.org/ontology/monarch> ?x };select ?a where { ?a <http://dbpedia.org/ontology/monarch> [] . ?a a <http://dbpedia.org/ontology/Place> }
dbo:Place;;;what is the month of <A>;select ?x where { <A> <http://dbpedia.org/ontology/month> ?x };select ?a where { ?a <http://dbpedia.org/ontology/month> [] . ?a a <http://dbpedia.org/ontology/Place> }
dbo:Place;;;what is the motto of <A>;select ?x where { <A> <http://dbpedia.org/ontology/motto> ?x };select ?a where { ?a <http://dbpedia.org/ontology/motto> [] . ?a a <http://dbpedia.org/ontology/Place> }
dbo:Place;;;what is the mouth elevation of <A>;select ?x where { <A> <http://dbpedia.org/ontology/mouthElevation> ?x };select ?a where { ?a <http://dbpedia.org/ontology/mouthElevation> [] . ?a a <http://dbpedia.org/ontology/Place> }
dbo:Place;;;what is the municipality of <A>;select ?x where { <A> <http://dbpedia.org/ontology/municipality> ?x };select ?a where { ?a <http://dbpedia.org/ontology/municipality> [] . ?a a <http://dbpedia.org/ontology/Place> }
dbo:Place;;;what is the municipality code of <A>;select ?x where { <A> <http://dbpedia.org/ontology/municipalityCode> ?x };select ?a where { ?a <http://dbpedia.org/ontology/municipalityCode> [] . ?a a <http://dbpedia.org/ontology/Place> }
dbo:Place;;;what is the name of <A>;select ?x where { <A> <http://dbpedia.org/ontology/name> ?x };select ?a where { ?a <http://dbpedia.org/ontology/name> [] . ?a a <http://dbpedia.org/ontology/Place> }
dbo:Place;;;what is the named after of <A>;select ?x where { <A> <http://dbpedia.org/ontology/namedAfter> ?x };select ?a where { ?a <http://dbpedia.org/ontology/namedAfter> [] . ?a a <http://dbpedia.org/ontology/Place> }
dbo:Place;;;what is the national topographic system map number of <A>;select ?x where { <A> <http://dbpedia.org/ontology/nationalTopographicSystemMapNumber> ?x };select ?a where { ?a <http://dbpedia.org/ontology/nationalTopographicSystemMapNumber> [] . ?a a <http://dbpedia.org/ontology/Place> }
dbo:Place;;;what is the ndl id of <A>;select ?x where { <A> <http://dbpedia.org/ontology/ndlId> ?x };select ?a where { ?a <http://dbpedia.org/ontology/ndlId> [] . ?a a <http://dbpedia.org/ontology/Place> }
dbo:Place;;;what is the nearest city of <A>;select ?x where { <A> <http://dbpedia.org/ontology/nearestCity> ?x };select ?a where { ?a <http://dbpedia.org/ontology/nearestCity> [] . ?a a <http://dbpedia.org/ontology/Place> }
dbo:Place;;;what is the newspaper of <A>;select ?x where { <A> <http://dbpedia.org/ontology/newspaper> ?x };select ?a where { ?a <http://dbpedia.org/ontology/newspaper> [] . ?a a <http://dbpedia.org/ontology/Place> }
dbo:Place;;;what is the nla id of <A>;select ?x where { <A> <http://dbpedia.org/ontology/nlaId> ?x };select ?a where { ?a <http://dbpedia.org/ontology/nlaId> [] . ?a a <http://dbpedia.org/ontology/Place> }
dbo:Place;;;who is the nominee of <A>;select ?x where { <A> <http://dbpedia.org/ontology/nominee> ?x };select ?a where { ?a <http://dbpedia.org/ontology/nominee> [] . ?a a <http://dbpedia.org/ontology/Place> }
dbo:Place;;;what is the notable work of <A>;select ?x where { <A> <http://dbpedia.org/ontology/notableWork> ?x };select ?a where { ?a <http://dbpedia.org/ontology/notableWork> [] . ?a a <http://dbpedia.org/ontology/Place> }
dbo:Place;;;what is the notes of <A>;select ?x where { <A> <http://dbpedia.org/ontology/notes> ?x };select ?a where { ?a <http://dbpedia.org/ontology/notes> [] . ?a a <http://dbpedia.org/ontology/Place> }
dbo:Place;;;what is the number of <A>;select ?x where { <A> <http://dbpedia.org/ontology/number> ?x };select ?a where { ?a <http://dbpedia.org/ontology/number> [] . ?a a <http://dbpedia.org/ontology/Place> }
dbo:Place;;;what is the number of visitors of <A>;select ?x where { <A> <http://dbpedia.org/ontology/numberOfVisitors> ?x };select ?a where { ?a <http://dbpedia.org/ontology/numberOfVisitors> [] . ?a a <http://dbpedia.org/ontology/Place> }
dbo:Place;;;who is the occupation of <A>;select ?x where { <A> <http://dbpedia.org/ontology/occupation> ?x };select ?a where { ?a <http://dbpedia.org/ontology/occupation> [] . ?a a <http://dbpedia.org/ontology/Place> }
dbo:Place;;;what is the office of <A>;select ?x where { <A> <http://dbpedia.org/ontology/office> ?x };select ?a where { ?a <http://dbpedia.org/ontology/office> [] . ?a a <http://dbpedia.org/ontology/Place> }
dbo:Place;;;what is the opening date of <A>;select ?x where { <A> <http://dbpedia.org/ontology/openingDate> ?x };select ?a where { ?a <http://dbpedia.org/ontology/openingDate> [] . ?a a <http://dbpedia.org/ontology/Place> }
dbo:Place;;;what is the opening year of <A>;select ?x where { <A> <http://dbpedia.org/ontology/openingYear> ?x };select ?a where { ?a <http://dbpedia.org/ontology/openingYear> [] . ?a a <http://dbpedia.org/ontology/Place> }
dbo:Place;;;what is the operator of <A>;select ?x where { <A> <http://dbpedia.org/ontology/operator> ?x };select ?a where { ?a <http://dbpedia.org/ontology/operator> [] . ?a a <http://dbpedia.org/ontology/Place> }
dbo:Place;;;what is the orbits of <A>;select ?x where { <A> <http://dbpedia.org/ontology/orbits> ?x };select ?a where { ?a <http://dbpedia.org/ontology/orbits> [] . ?a a <http://dbpedia.org/ontology/Place> }
dbo:Place;;;what is the orcid id of <A>;select ?x where { <A> <http://dbpedia.org/ontology/orcidId> ?x };select ?a where { ?a <http://dbpedia.org/ontology/orcidId> [] . ?a a <http://dbpedia.org/ontology/Place> }
dbo:Place;;;what is the order in office of <A>;select ?x where { <A> <http://dbpedia.org/ontology/orderInOffice> ?x };select ?a where { ?a <http://dbpedia.org/ontology/orderInOffice> [] . ?a a <http://dbpedia.org/ontology/Place> }
dbo:Place;;;what is the organisation of <A>;select ?x where { <A> <http://dbpedia.org/ontology/organisation> ?x };select ?a where { ?a <http://dbpedia.org/ontology/organisation> [] . ?a a <http://dbpedia.org/ontology/Place> }
dbo:Place;;;what is the origin of <A>;select ?x where { <A> <http://dbpedia.org/ontology/origin> ?x };select ?a where { ?a <http://dbpedia.org/ontology/origin> [] . ?a a <http://dbpedia.org/ontology/Place> }
dbo:Place;;;what is the original name of <A>;select ?x where { <A> <http://dbpedia.org/ontology/originalName> ?x };select ?a where { ?a <http://dbpedia.org/ontology/originalName> [] . ?a a <http://dbpedia.org/ontology/Place> }
dbo:Place;;;what is the originally used for of <A>;select ?x where { <A> <http://dbpedia.org/ontology/originallyUsedFor> ?x };select ?a where { ?a <http://dbpedia.org/ontology/originallyUsedFor> [] . ?a a <http://dbpedia.org/ontology/Place> }
dbo:Place;;;what is the owner of <A>;select ?x where { <A> <http://dbpedia.org/ontology/owner> ?x };select ?a where { ?a <http://dbpedia.org/ontology/owner> [] . ?a a <http://dbpedia.org/ontology/Place> }
dbo:Place;;;what is the owning company of <A>;select ?x where { <A> <http://dbpedia.org/ontology/owningCompany> ?x };select ?a where { ?a <http://dbpedia.org/ontology/owningCompany> [] . ?a a <http://dbpedia.org/ontology/Place> }
dbo:Place;;;what is the owning organisation of <A>;select ?x where { <A> <http://dbpedia.org/ontology/owningOrganisation> ?x };select ?a where { ?a <http://dbpedia.org/ontology/owningOrganisation> [] . ?a a <http://dbpedia.org/ontology/Place> }
dbo:Place;;;what is the parent company of <A>;select ?x where { <A> <http://dbpedia.org/ontology/parentCompany> ?x };select ?a where { ?a <http://dbpedia.org/ontology/parentCompany> [] . ?a a <http://dbpedia.org/ontology/Place> }
dbo:Place;;;what is the part of <A>;select ?x where { <A> <http://dbpedia.org/ontology/part> ?x };select ?a where { ?a <http://dbpedia.org/ontology/part> [] . ?a a <http://dbpedia.org/ontology/Place> }
dbo:Place;;;what is the partial failed launches of <A>;select ?x where { <A> <http://dbpedia.org/ontology/partialFailedLaunches> ?x };select ?a where { ?a <http://dbpedia.org/ontology/partialFailedLaunches> [] . ?a a <http://dbpedia.org/ontology/Place> }
dbo:Place;;;what is the party of <A>;select ?x where { <A> <http://dbpedia.org/ontology/party> ?x };select ?a where { ?a <http://dbpedia.org/ontology/party> [] . ?a a <http://dbpedia.org/ontology/Place> }
dbo:Place;;;who is the patron saint of <A>;select ?x where { <A> <http://dbpedia.org/ontology/patronSaint> ?x };select ?a where { ?a <http://dbpedia.org/ontology/patronSaint> [] . ?a a <http://dbpedia.org/ontology/Place> }
dbo:Place;;;what is the percentage of area water of <A>;select ?x where { <A> <http://dbpedia.org/ontology/percentageOfAreaWater> ?x };select ?a where { ?a <http://dbpedia.org/ontology/percentageOfAreaWater> [] . ?a a <http://dbpedia.org/ontology/Place> }
dbo:Place;;;what is the picture of <A>;select ?x where { <A> <http://dbpedia.org/ontology/picture> ?x };select ?a where { ?a <http://dbpedia.org/ontology/picture> [] . ?a a <http://dbpedia.org/ontology/Place> }
dbo:Place;;;what is the relates an entity to the populated place in which it is located. of <A>;select ?x where { <A> <http://dbpedia.org/ontology/place> ?x };select ?a where { ?a <http://dbpedia.org/ontology/place> [] . ?a a <http://dbpedia.org/ontology/Place> }
dbo:Place;;;who is the political leader of <A>;select ?x where { <A> <http://dbpedia.org/ontology/politicalLeader> ?x };select ?a where { ?a <http://dbpedia.org/ontology/politicalLeader> [] . ?a a <http://dbpedia.org/ontology/Place> }
dbo:Place;;;what is the population total of <A>;select ?x where { <A> <http://dbpedia.org/ontology/populationTotal> ?x };select ?a where { ?a <http://dbpedia.org/ontology/populationTotal> [] . ?a a <http://dbpedia.org/ontology/Place> }
dbo:Place;;;what is the portfolio of <A>;select ?x where { <A> <http://dbpedia.org/ontology/portfolio> ?x };select ?a where { ?a <http://dbpedia.org/ontology/portfolio> [] . ?a a <http://dbpedia.org/ontology/Place> }
dbo:Place;;;what is the position of <A>;select ?x where { <A> <http://dbpedia.org/ontology/position> ?x };select ?a where { ?a <http://dbpedia.org/ontology/position> [] . ?a a <http://dbpedia.org/ontology/Place> }
dbo:Place;;;what is the postal code of <A>;select ?x where { <A> <http://dbpedia.org/ontology/postalCode> ?x };select ?a where { ?a <http://dbpedia.org/ontology/postalCode> [] . ?a a <http://dbpedia.org/ontology/Place> }
dbo:Place;;;what is the predecessor of <A>;select ?x where { <A> <http://dbpedia.org/ontology/predecessor> ?x };select ?a where { ?a <http://dbpedia.org/ontology/predecessor> [] . ?a a <http://dbpedia.org/ontology/Place> }
dbo:Place;;;who is the president of <A>;select ?x where { <A> <http://dbpedia.org/ontology/president> ?x };select ?a where { ?a <http://dbpedia.org/ontology/president> [] . ?a a <http://dbpedia.org/ontology/Place> }
dbo:Place;;;who is the prime minister of <A>;select ?x where { <A> <http://dbpedia.org/ontology/primeMinister> ?x };select ?a where { ?a <http://dbpedia.org/ontology/primeMinister> [] . ?a a <http://dbpedia.org/ontology/Place> }
dbo:Place;;;what is the production end date of <A>;select ?x where { <A> <http://dbpedia.org/ontology/productionEndDate> ?x };select ?a where { ?a <http://dbpedia.org/ontology/productionEndDate> [] . ?a a <http://dbpedia.org/ontology/Place> }
dbo:Place;;;what is the production end year of <A>;select ?x where { <A> <http://dbpedia.org/ontology/productionEndYear> ?x };select ?a where { ?a <http://dbpedia.org/ontology/productionEndYear> [] . ?a a <http://dbpedia.org/ontology/Place> }
dbo:Place;;;what is the production start date of <A>;select ?x where { <A> <http://dbpedia.org/ontology/productionStartDate> ?x };select ?a where { ?a <http://dbpedia.org/ontology/productionStartDate> [] . ?a a <http://dbpedia.org/ontology/Place> }
dbo:Place;;;what is the production start year of <A>;select ?x where { <A> <http://dbpedia.org/ontology/productionStartYear> ?x };select ?a where { ?a <http://dbpedia.org/ontology/productionStartYear> [] . ?a a <http://dbpedia.org/ontology/Place> }
dbo:Place;;;what is the prominence of <A>;select ?x where { <A> <http://dbpedia.org/ontology/prominence> ?x };select ?a where { ?a <http://dbpedia.org/ontology/prominence> [] . ?a a <http://dbpedia.org/ontology/Place> }
dbo:Place;;;what is the pronunciation of <A>;select ?x where { <A> <http://dbpedia.org/ontology/pronunciation> ?x };select ?a where { ?a <http://dbpedia.org/ontology/pronunciation> [] . ?a a <http://dbpedia.org/ontology/Place> }
dbo:Place;;;what is the province of <A>;select ?x where { <A> <http://dbpedia.org/ontology/province> ?x };select ?a where { ?a <http://dbpedia.org/ontology/province> [] . ?a a <http://dbpedia.org/ontology/Place> }
dbo:Place;;;what is the publication date of <A>;select ?x where { <A> <http://dbpedia.org/ontology/publicationDate> ?x };select ?a where { ?a <http://dbpedia.org/ontology/publicationDate> [] . ?a a <http://dbpedia.org/ontology/Place> }
dbo:Place;;;what is the purpose of <A>;select ?x where { <A> <http://dbpedia.org/ontology/purpose> ?x };select ?a where { ?a <http://dbpedia.org/ontology/purpose> [] . ?a a <http://dbpedia.org/ontology/Place> }
dbo:Place;;;what is the quote of <A>;select ?x where { <A> <http://dbpedia.org/ontology/quote> ?x };select ?a where { ?a <http://dbpedia.org/ontology/quote> [] . ?a a <http://dbpedia.org/ontology/Place> }
dbo:Place;;;what is the race of <A>;select ?x where { <A> <http://dbpedia.org/ontology/race> ?x };select ?a where { ?a <http://dbpedia.org/ontology/race> [] . ?a a <http://dbpedia.org/ontology/Place> }
dbo:Place;;;what is the race horse of <A>;select ?x where { <A> <http://dbpedia.org/ontology/raceHorse> ?x };select ?a where { ?a <http://dbpedia.org/ontology/raceHorse> [] . ?a a <http://dbpedia.org/ontology/Place> }
dbo:Place;;;what is the rating of <A>;select ?x where { <A> <http://dbpedia.org/ontology/rating> ?x };select ?a where { ?a <http://dbpedia.org/ontology/rating> [] . ?a a <http://dbpedia.org/ontology/Place> }
dbo:Place;;;what is the rebuild date of <A>;select ?x where { <A> <http://dbpedia.org/ontology/rebuildDate> ?x };select ?a where { ?a <http://dbpedia.org/ontology/rebuildDate> [] . ?a a <http://dbpedia.org/ontology/Place> }
dbo:Place;;;what is the record label of <A>;select ?x where { <A> <http://dbpedia.org/ontology/recordLabel> ?x };select ?a where { ?a <http://dbpedia.org/ontology/recordLabel> [] . ?a a <http://dbpedia.org/ontology/Place> }
dbo:Place;;;what is the region of <A>;select ?x where { <A> <http://dbpedia.org/ontology/region> ?x };select ?a where { ?a <http://dbpedia.org/ontology/region> [] . ?a a <http://dbpedia.org/ontology/Place> }
dbo:Place;;;what is the registry of <A>;select ?x where { <A> <http://dbpedia.org/ontology/registry> ?x };select ?a where { ?a <http://dbpedia.org/ontology/registry> [] . ?a a <http://dbpedia.org/ontology/Place> }
dbo:Place;;;what is the related of <A>;select ?x where { <A> <http://dbpedia.org/ontology/related> ?x };select ?a where { ?a <http://dbpedia.org/ontology/related> [] . ?a a <http://dbpedia.org/ontology/Place> }
dbo:Place;;;what is the release date of <A>;select ?x where { <A> <http://dbpedia.org/ontology/releaseDate> ?x };select ?a where { ?a <http://dbpedia.org/ontology/releaseDate> [] . ?a a <http://dbpedia.org/ontology/Place> }
dbo:Place;;;what is the religion of <A>;select ?x where { <A> <http://dbpedia.org/ontology/religion> ?x };select ?a where { ?a <http://dbpedia.org/ontology/religion> [] . ?a a <http://dbpedia.org/ontology/Place> }
dbo:Place;;;who is the religious head of <A>;select ?x where { <A> <http://dbpedia.org/ontology/religiousHead> ?x };select ?a where { ?a <http://dbpedia.org/ontology/religiousHead> [] . ?a a <http://dbpedia.org/ontology/Place> }
dbo:Place;;;what is the restore date of <A>;select ?x where { <A> <http://dbpedia.org/ontology/restoreDate> ?x };select ?a where { ?a <http://dbpedia.org/ontology/restoreDate> [] . ?a a <http://dbpedia.org/ontology/Place> }
dbo:Place;;;what is the restriction of <A>;select ?x where { <A> <http://dbpedia.org/ontology/restriction> ?x };select ?a where { ?a <http://dbpedia.org/ontology/restriction> [] . ?a a <http://dbpedia.org/ontology/Place> }
dbo:Place;;;what is the retired of <A>;select ?x where { <A> <http://dbpedia.org/ontology/retired> ?x };select ?a where { ?a <http://dbpedia.org/ontology/retired> [] . ?a a <http://dbpedia.org/ontology/Place> }
dbo:Place;;;what is the rid id of <A>;select ?x where { <A> <http://dbpedia.org/ontology/ridId> ?x };select ?a where { ?a <http://dbpedia.org/ontology/ridId> [] . ?a a <http://dbpedia.org/ontology/Place> }
dbo:Place;;;what is the river of <A>;select ?x where { <A> <http://dbpedia.org/ontology/river> ?x };select ?a where { ?a <http://dbpedia.org/ontology/river> [] . ?a a <http://dbpedia.org/ontology/Place> }
dbo:Place;;;what is the role of <A>;select ?x where { <A> <http://dbpedia.org/ontology/role> ?x };select ?a where { ?a <http://dbpedia.org/ontology/role> [] . ?a a <http://dbpedia.org/ontology/Place> }
dbo:Place;;;who is the running mate of <A>;select ?x where { <A> <http://dbpedia.org/ontology/runningMate> ?x };select ?a where { ?a <http://dbpedia.org/ontology/runningMate> [] . ?a a <http://dbpedia.org/ontology/Place> }
dbo:Place;;;what is the sales of <A>;select ?x where { <A> <http://dbpedia.org/ontology/sales> ?x };select ?a where { ?a <http://dbpedia.org/ontology/sales> [] . ?a a <http://dbpedia.org/ontology/Place> }
dbo:Place;;;who is the secondleader of <A>;select ?x where { <A> <http://dbpedia.org/ontology/secondLeader> ?x };select ?a where { ?a <http://dbpedia.org/ontology/secondLeader> [] . ?a a <http://dbpedia.org/ontology/Place> }
dbo:Place;;;who is the secondpopularvote of <A>;select ?x where { <A> <http://dbpedia.org/ontology/secondPopularVote> ?x };select ?a where { ?a <http://dbpedia.org/ontology/secondPopularVote> [] . ?a a <http://dbpedia.org/ontology/Place> }
dbo:Place;;;what is the selibr id of <A>;select ?x where { <A> <http://dbpedia.org/ontology/selibrId> ?x };select ?a where { ?a <http://dbpedia.org/ontology/selibrId> [] . ?a a <http://dbpedia.org/ontology/Place> }
dbo:Place;;;what is the seniority of <A>;select ?x where { <A> <http://dbpedia.org/ontology/seniority> ?x };select ?a where { ?a <http://dbpedia.org/ontology/seniority> [] . ?a a <http://dbpedia.org/ontology/Place> }
dbo:Place;;;what is the series of <A>;select ?x where { <A> <http://dbpedia.org/ontology/series> ?x };select ?a where { ?a <http://dbpedia.org/ontology/series> [] . ?a a <http://dbpedia.org/ontology/Place> }
dbo:Place;;;what is the show of <A>;select ?x where { <A> <http://dbpedia.org/ontology/show> ?x };select ?a where { ?a <http://dbpedia.org/ontology/show> [] . ?a a <http://dbpedia.org/ontology/Place> }
dbo:Place;;;what is the similar of <A>;select ?x where { <A> <http://dbpedia.org/ontology/similar> ?x };select ?a where { ?a <http://dbpedia.org/ontology/similar> [] . ?a a <http://dbpedia.org/ontology/Place> }
dbo:Place;;;what is the slogan of <A>;select ?x where { <A> <http://dbpedia.org/ontology/slogan> ?x };select ?a where { ?a <http://dbpedia.org/ontology/slogan> [] . ?a a <http://dbpedia.org/ontology/Place> }
dbo:Place;;;what is the sound recording of <A>;select ?x where { <A> <http://dbpedia.org/ontology/soundRecording> ?x };select ?a where { ?a <http://dbpedia.org/ontology/soundRecording> [] . ?a a <http://dbpedia.org/ontology/Place> }
dbo:Place;;;what is the source elevation of <A>;select ?x where { <A> <http://dbpedia.org/ontology/sourceElevation> ?x };select ?a where { ?a <http://dbpedia.org/ontology/sourceElevation> [] . ?a a <http://dbpedia.org/ontology/Place> }
dbo:Place;;;what is the source mountain of <A>;select ?x where { <A> <http://dbpedia.org/ontology/sourceMountain> ?x };select ?a where { ?a <http://dbpedia.org/ontology/sourceMountain> [] . ?a a <http://dbpedia.org/ontology/Place> }
dbo:Place;;;what is the source place of <A>;select ?x where { <A> <http://dbpedia.org/ontology/sourcePlace> ?x };select ?a where { ?a <http://dbpedia.org/ontology/sourcePlace> [] . ?a a <http://dbpedia.org/ontology/Place> }
dbo:Place;;;what is the source position of <A>;select ?x where { <A> <http://dbpedia.org/ontology/sourcePosition> ?x };select ?a where { ?a <http://dbpedia.org/ontology/sourcePosition> [] . ?a a <http://dbpedia.org/ontology/Place> }
dbo:Place;;;what is the speaker of <A>;select ?x where { <A> <http://dbpedia.org/ontology/speaker> ?x };select ?a where { ?a <http://dbpedia.org/ontology/speaker> [] . ?a a <http://dbpedia.org/ontology/Place> }
dbo:Place;;;who is the specialist of <A>;select ?x where { <A> <http://dbpedia.org/ontology/specialist> ?x };select ?a where { ?a <http://dbpedia.org/ontology/specialist> [] . ?a a <http://dbpedia.org/ontology/Place> }
dbo:Place;;;what is the specialization of <A>;select ?x where { <A> <http://dbpedia.org/ontology/specialization> ?x };select ?a where { ?a <http://dbpedia.org/ontology/specialization> [] . ?a a <http://dbpedia.org/ontology/Place> }
dbo:Place;;;what is the sport of <A>;select ?x where { <A> <http://dbpedia.org/ontology/sport> ?x };select ?a where { ?a <http://dbpedia.org/ontology/sport> [] . ?a a <http://dbpedia.org/ontology/Place> }
dbo:Place;;;what is the sport governing body of <A>;select ?x where { <A> <http://dbpedia.org/ontology/sportGoverningBody> ?x };select ?a where { ?a <http://dbpedia.org/ontology/sportGoverningBody> [] . ?a a <http://dbpedia.org/ontology/Place> }
dbo:Place;;;what is the stadium of <A>;select ?x where { <A> <http://dbpedia.org/ontology/stadium> ?x };select ?a where { ?a <http://dbpedia.org/ontology/stadium> [] . ?a a <http://dbpedia.org/ontology/Place> }
dbo:Place;;;what is the start year of <A>;select ?x where { <A> <http://dbpedia.org/ontology/startYear> ?x };select ?a where { ?a <http://dbpedia.org/ontology/startYear> [] . ?a a <http://dbpedia.org/ontology/Place> }
dbo:Place;;;what is the state of <A>;select ?x where { <A> <http://dbpedia.org/ontology/state> ?x };select ?a where { ?a <http://dbpedia.org/ontology/state> [] . ?a a <http://dbpedia.org/ontology/Place> }
dbo:Place;;;what is the status of <A>;select ?x where { <A> <http://dbpedia.org/ontology/status> ?x };select ?a where { ?a <http://dbpedia.org/ontology/status> [] . ?a a <http://dbpedia.org/ontology/Place> }
dbo:Place;;;what is the subdivision of <A>;select ?x where { <A> <http://dbpedia.org/ontology/subdivision> ?x };select ?a where { ?a <http://dbpedia.org/ontology/subdivision> [] . ?a a <http://dbpedia.org/ontology/Place> }
dbo:Place;;;what is the subdivisions of <A>;select ?x where { <A> <http://dbpedia.org/ontology/subdivisions> ?x };select ?a where { ?a <http://dbpedia.org/ontology/subdivisions> [] . ?a a <http://dbpedia.org/ontology/Place> }
dbo:Place;;;what is the subregion of <A>;select ?x where { <A> <http://dbpedia.org/ontology/subregion> ?x };select ?a where { ?a <http://dbpedia.org/ontology/subregion> [] . ?a a <http://dbpedia.org/ontology/Place> }
dbo:Place;;;what is the subtitle of <A>;select ?x where { <A> <http://dbpedia.org/ontology/subtitle> ?x };select ?a where { ?a <http://dbpedia.org/ontology/subtitle> [] . ?a a <http://dbpedia.org/ontology/Place> }
dbo:Place;;;what is the successful launches of <A>;select ?x where { <A> <http://dbpedia.org/ontology/successfulLaunches> ?x };select ?a where { ?a <http://dbpedia.org/ontology/successfulLaunches> [] . ?a a <http://dbpedia.org/ontology/Place> }
dbo:Place;;;what is the successor of <A>;select ?x where { <A> <http://dbpedia.org/ontology/successor> ?x };select ?a where { ?a <http://dbpedia.org/ontology/successor> [] . ?a a <http://dbpedia.org/ontology/Place> }
dbo:Place;;;what is the sudoc id of <A>;select ?x where { <A> <http://dbpedia.org/ontology/sudocId> ?x };select ?a where { ?a <http://dbpedia.org/ontology/sudocId> [] . ?a a <http://dbpedia.org/ontology/Place> }
dbo:Place;;;what is the synonym of <A>;select ?x where { <A> <http://dbpedia.org/ontology/synonym> ?x };select ?a where { ?a <http://dbpedia.org/ontology/synonym> [] . ?a a <http://dbpedia.org/ontology/Place> }
dbo:Place;;;who is the taoiseach of <A>;select ?x where { <A> <http://dbpedia.org/ontology/taoiseach> ?x };select ?a where { ?a <http://dbpedia.org/ontology/taoiseach> [] . ?a a <http://dbpedia.org/ontology/Place> }
dbo:Place;;;what is the team of <A>;select ?x where { <A> <http://dbpedia.org/ontology/team> ?x };select ?a where { ?a <http://dbpedia.org/ontology/team> [] . ?a a <http://dbpedia.org/ontology/Place> }
dbo:Place;;;what is the team size of <A>;select ?x where { <A> <http://dbpedia.org/ontology/teamSize> ?x };select ?a where { ?a <http://dbpedia.org/ontology/teamSize> [] . ?a a <http://dbpedia.org/ontology/Place> }
dbo:Place;;;what is the television series of <A>;select ?x where { <A> <http://dbpedia.org/ontology/televisionSeries> ?x };select ?a where { ?a <http://dbpedia.org/ontology/televisionSeries> [] . ?a a <http://dbpedia.org/ontology/Place> }
dbo:Place;;;what is the temperature of <A>;select ?x where { <A> <http://dbpedia.org/ontology/temperature> ?x };select ?a where { ?a <http://dbpedia.org/ontology/temperature> [] . ?a a <http://dbpedia.org/ontology/Place> }
dbo:Place;;;what is the type of tennis surface of <A>;select ?x where { <A> <http://dbpedia.org/ontology/tennisSurfaceType> ?x };select ?a where { ?a <http://dbpedia.org/ontology/tennisSurfaceType> [] . ?a a <http://dbpedia.org/ontology/Place> }
dbo:Place;;;what is the term period of <A>;select ?x where { <A> <http://dbpedia.org/ontology/termPeriod> ?x };select ?a where { ?a <http://dbpedia.org/ontology/termPeriod> [] . ?a a <http://dbpedia.org/ontology/Place> }
dbo:Place;;;what is the thumbnail of <A>;select ?x where { <A> <http://dbpedia.org/ontology/thumbnail> ?x };select ?a where { ?a <http://dbpedia.org/ontology/thumbnail> [] . ?a a <http://dbpedia.org/ontology/Place> }
dbo:Place;;;what is the time of <A>;select ?x where { <A> <http://dbpedia.org/ontology/time> ?x };select ?a where { ?a <http://dbpedia.org/ontology/time> [] . ?a a <http://dbpedia.org/ontology/Place> }
dbo:Place;;;what is the total time person has spent in space of <A>;select ?x where { <A> <http://dbpedia.org/ontology/timeInSpace> ?x };select ?a where { ?a <http://dbpedia.org/ontology/timeInSpace> [] . ?a a <http://dbpedia.org/ontology/Place> }
dbo:Place;;;what is the time zone of <A>;select ?x where { <A> <http://dbpedia.org/ontology/timeZone> ?x };select ?a where { ?a <http://dbpedia.org/ontology/timeZone> [] . ?a a <http://dbpedia.org/ontology/Place> }
dbo:Place;;;what is the title of <A>;select ?x where { <A> <http://dbpedia.org/ontology/title> ?x };select ?a where { ?a <http://dbpedia.org/ontology/title> [] . ?a a <http://dbpedia.org/ontology/Place> }
dbo:Place;;;what is the top speed of <A>;select ?x where { <A> <http://dbpedia.org/ontology/topSpeed> ?x };select ?a where { ?a <http://dbpedia.org/ontology/topSpeed> [] . ?a a <http://dbpedia.org/ontology/Place> }
dbo:Place;;;what is the total launches of <A>;select ?x where { <A> <http://dbpedia.org/ontology/totalLaunches> ?x };select ?a where { ?a <http://dbpedia.org/ontology/totalLaunches> [] . ?a a <http://dbpedia.org/ontology/Place> }
dbo:Place;;;what is the type of <A>;select ?x where { <A> <http://dbpedia.org/ontology/type> ?x };select ?a where { ?a <http://dbpedia.org/ontology/type> [] . ?a a <http://dbpedia.org/ontology/Place> }
dbo:Place;;;what is the ulan id of <A>;select ?x where { <A> <http://dbpedia.org/ontology/ulanId> ?x };select ?a where { ?a <http://dbpedia.org/ontology/ulanId> [] . ?a a <http://dbpedia.org/ontology/Place> }
dbo:Place;;;what is the university of <A>;select ?x where { <A> <http://dbpedia.org/ontology/university> ?x };select ?a where { ?a <http://dbpedia.org/ontology/university> [] . ?a a <http://dbpedia.org/ontology/Place> }
dbo:Place;;;what is the utc offset of <A>;select ?x where { <A> <http://dbpedia.org/ontology/utcOffset> ?x };select ?a where { ?a <http://dbpedia.org/ontology/utcOffset> [] . ?a a <http://dbpedia.org/ontology/Place> }
dbo:Place;;;what is the variant or variation of <A>;select ?x where { <A> <http://dbpedia.org/ontology/variantOf> ?x };select ?a where { ?a <http://dbpedia.org/ontology/variantOf> [] . ?a a <http://dbpedia.org/ontology/Place> }
dbo:Place;;;what is the vehicle of <A>;select ?x where { <A> <http://dbpedia.org/ontology/vehicle> ?x };select ?a where { ?a <http://dbpedia.org/ontology/vehicle> [] . ?a a <http://dbpedia.org/ontology/Place> }
dbo:Place;;;who is the vice chancellor of <A>;select ?x where { <A> <http://dbpedia.org/ontology/viceChancellor> ?x };select ?a where { ?a <http://dbpedia.org/ontology/viceChancellor> [] . ?a a <http://dbpedia.org/ontology/Place> }
dbo:Place;;;who is the vice president of <A>;select ?x where { <A> <http://dbpedia.org/ontology/vicePresident> ?x };select ?a where { ?a <http://dbpedia.org/ontology/vicePresident> [] . ?a a <http://dbpedia.org/ontology/Place> }
dbo:Place;;;who is the vice prime minister of <A>;select ?x where { <A> <http://dbpedia.org/ontology/vicePrimeMinister> ?x };select ?a where { ?a <http://dbpedia.org/ontology/vicePrimeMinister> [] . ?a a <http://dbpedia.org/ontology/Place> }
dbo:Place;;;what is the victim of <A>;select ?x where { <A> <http://dbpedia.org/ontology/victim> ?x };select ?a where { ?a <http://dbpedia.org/ontology/victim> [] . ?a a <http://dbpedia.org/ontology/Place> }
dbo:Place;;;what is the victims of <A>;select ?x where { <A> <http://dbpedia.org/ontology/victims> ?x };select ?a where { ?a <http://dbpedia.org/ontology/victims> [] . ?a a <http://dbpedia.org/ontology/Place> }
dbo:Place;;;who is the voice of <A>;select ?x where { <A> <http://dbpedia.org/ontology/voice> ?x };select ?a where { ?a <http://dbpedia.org/ontology/voice> [] . ?a a <http://dbpedia.org/ontology/Place> }
dbo:Place;;;what is the volume of <A>;select ?x where { <A> <http://dbpedia.org/ontology/volume> ?x };select ?a where { ?a <http://dbpedia.org/ontology/volume> [] . ?a a <http://dbpedia.org/ontology/Place> }
dbo:Place;;;what is the webcast of <A>;select ?x where { <A> <http://dbpedia.org/ontology/webcast> ?x };select ?a where { ?a <http://dbpedia.org/ontology/webcast> [] . ?a a <http://dbpedia.org/ontology/Place> }
dbo:Place;;;what is the label of a website of <A>;select ?x where { <A> <http://dbpedia.org/ontology/websiteLabel> ?x };select ?a where { ?a <http://dbpedia.org/ontology/websiteLabel> [] . ?a a <http://dbpedia.org/ontology/Place> }
dbo:Place;;;what is the weight of <A>;select ?x where { <A> <http://dbpedia.org/ontology/weight> ?x };select ?a where { ?a <http://dbpedia.org/ontology/weight> [] . ?a a <http://dbpedia.org/ontology/Place> }
dbo:Place;;;what is the width of <A>;select ?x where { <A> <http://dbpedia.org/ontology/width> ?x };select ?a where { ?a <http://dbpedia.org/ontology/width> [] . ?a a <http://dbpedia.org/ontology/Place> }
dbo:Place;;;what is the wikipage disambiguates of <A>;select ?x where { <A> <http://dbpedia.org/ontology/wikiPageDisambiguates> ?x };select ?a where { ?a <http://dbpedia.org/ontology/wikiPageDisambiguates> [] . ?a a <http://dbpedia.org/ontology/Place> }
dbo:Place;;;what is the link from a wikipage to an external page of <A>;select ?x where { <A> <http://dbpedia.org/ontology/wikiPageExternalLink> ?x };select ?a where { ?a <http://dbpedia.org/ontology/wikiPageExternalLink> [] . ?a a <http://dbpedia.org/ontology/Place> }
dbo:Place;;;what is the link from a wikipage to a wikipage in a different language about the same or a related subject. of <A>;select ?x where { <A> <http://dbpedia.org/ontology/wikiPageInterLanguageLink> ?x };select ?a where { ?a <http://dbpedia.org/ontology/wikiPageInterLanguageLink> [] . ?a a <http://dbpedia.org/ontology/Place> }
dbo:Place;;;what is the page length of wiki page of <A>;select ?x where { <A> <http://dbpedia.org/ontology/wikiPageLength> ?x };select ?a where { ?a <http://dbpedia.org/ontology/wikiPageLength> [] . ?a a <http://dbpedia.org/ontology/Place> }
dbo:Place;;;what is the wikipage redirect of <A>;select ?x where { <A> <http://dbpedia.org/ontology/wikiPageRedirects> ?x };select ?a where { ?a <http://dbpedia.org/ontology/wikiPageRedirects> [] . ?a a <http://dbpedia.org/ontology/Place> }
dbo:Place;;;what is the wins of <A>;select ?x where { <A> <http://dbpedia.org/ontology/wins> ?x };select ?a where { ?a <http://dbpedia.org/ontology/wins> [] . ?a a <http://dbpedia.org/ontology/Place> }
dbo:Place;;;what is the year of <A>;select ?x where { <A> <http://dbpedia.org/ontology/year> ?x };select ?a where { ?a <http://dbpedia.org/ontology/year> [] . ?a a <http://dbpedia.org/ontology/Place> }
dbo:Place;;;what is the year of construction of <A>;select ?x where { <A> <http://dbpedia.org/ontology/yearOfConstruction> ?x };select ?a where { ?a <http://dbpedia.org/ontology/yearOfConstruction> [] . ?a a <http://dbpedia.org/ontology/Place> }
