http://dbpedia.org/ontology/abbreviation,17180
http://dbpedia.org/ontology/abstract,6080186
http://dbpedia.org/ontology/access,0
http://dbpedia.org/ontology/accessDate,0
http://dbpedia.org/ontology/activeYearsEndDate,9468
http://dbpedia.org/ontology/activeYearsEndYear,236344
http://dbpedia.org/ontology/activeYearsStartDate,9946
http://dbpedia.org/ontology/activeYearsStartYear,370444
http://dbpedia.org/ontology/address,73073
http://dbpedia.org/ontology/administrativeStatus,0
http://dbpedia.org/ontology/affiliation,22084
http://dbpedia.org/ontology/ageRange,853
http://dbpedia.org/ontology/agglomerationPopulationTotal,0
http://dbpedia.org/ontology/aitaCode,0
http://dbpedia.org/ontology/album,53629
http://dbpedia.org/ontology/alias,56728
http://dbpedia.org/ontology/alongside,4465
http://dbpedia.org/ontology/alternativeName,23180
http://dbpedia.org/ontology/altitude,0
http://dbpedia.org/ontology/animal,0
http://dbpedia.org/ontology/annualTemperature,0
http://dbpedia.org/ontology/anthem,823
http://dbpedia.org/ontology/apcPresident,0
http://dbpedia.org/ontology/appearance,0
http://dbpedia.org/ontology/appointer,9040
http://dbpedia.org/ontology/area,78328
http://dbpedia.org/ontology/areaCode,136615
http://dbpedia.org/ontology/areaDate,0
http://dbpedia.org/ontology/areaLand,54036
http://dbpedia.org/ontology/areaMetro,871
http://dbpedia.org/ontology/areaOfCatchmentQuote,0
http://dbpedia.org/ontology/areaQuote,0
http://dbpedia.org/ontology/areaRank,0
http://dbpedia.org/ontology/areaTotal,183958
http://dbpedia.org/ontology/areaWater,48948
http://dbpedia.org/ontology/artificialSnowArea,0
http://dbpedia.org/ontology/asWikiText,0
http://dbpedia.org/ontology/ascent,0
http://dbpedia.org/ontology/associate,251
http://dbpedia.org/ontology/associateStar,0
http://dbpedia.org/ontology/associatedBand,44999
http://dbpedia.org/ontology/associatedMusicalArtist,45007
http://dbpedia.org/ontology/astrazenca,0
http://dbpedia.org/ontology/astrazencaCumul,0
http://dbpedia.org/ontology/atcCode,148
http://dbpedia.org/ontology/atcPrefix,0
http://dbpedia.org/ontology/atcSuffix,0
http://dbpedia.org/ontology/authority,465
http://dbpedia.org/ontology/authorityMandate,0
http://dbpedia.org/ontology/autonomy,0
http://dbpedia.org/ontology/average,0
http://dbpedia.org/ontology/averageDepth,3252
http://dbpedia.org/ontology/averageDepthQuote,0
http://dbpedia.org/ontology/averageSpeed,436
http://dbpedia.org/ontology/avifaunaPopulation,0
http://dbpedia.org/ontology/award,71454
http://dbpedia.org/ontology/awayColourHexCode,0
http://dbpedia.org/ontology/background,36256
http://dbpedia.org/ontology/battery,240
http://dbpedia.org/ontology/battle,47133
http://dbpedia.org/ontology/bibsysId,10
http://dbpedia.org/ontology/biggestCity,0
http://dbpedia.org/ontology/bioclimate,0
http://dbpedia.org/ontology/biome,0
http://dbpedia.org/ontology/bird,0
http://dbpedia.org/ontology/blackLongDistancePisteNumber,0
http://dbpedia.org/ontology/blackSkiPisteNumber,0
http://dbpedia.org/ontology/blazon,0
http://dbpedia.org/ontology/blazonLink,0
http://dbpedia.org/ontology/blazonRatio,0
http://dbpedia.org/ontology/blueLongDistancePisteNumber,0
http://dbpedia.org/ontology/blueSkiPisteNumber,0
http://dbpedia.org/ontology/bnfId,164
http://dbpedia.org/ontology/book,0
http://dbpedia.org/ontology/border,108
http://dbpedia.org/ontology/bpnId,0
http://dbpedia.org/ontology/budget,25802
http://dbpedia.org/ontology/budgetYear,0
http://dbpedia.org/ontology/builder,30769
http://dbpedia.org/ontology/buildingEndDate,20812
http://dbpedia.org/ontology/buildingStartDate,15701
http://dbpedia.org/ontology/cableCar,0
http://dbpedia.org/ontology/calculationNeeds,0
http://dbpedia.org/ontology/callSign,84
http://dbpedia.org/ontology/cannonNumber,0
http://dbpedia.org/ontology/capacity,18429
http://dbpedia.org/ontology/capitalCoordinates,0
http://dbpedia.org/ontology/casNumber,7645
http://dbpedia.org/ontology/casSupplemental,0
http://dbpedia.org/ontology/category,4782
http://dbpedia.org/ontology/chain,255
http://dbpedia.org/ontology/chairLabel,0
http://dbpedia.org/ontology/chairman,8725
http://dbpedia.org/ontology/chancellor,2291
http://dbpedia.org/ontology/channel,14597
http://dbpedia.org/ontology/chiefPlace,0
http://dbpedia.org/ontology/city,97447
http://dbpedia.org/ontology/cityLink,0
http://dbpedia.org/ontology/class,173511
http://dbpedia.org/ontology/classification,5577
http://dbpedia.org/ontology/climate,0
http://dbpedia.org/ontology/climbUpNumber,0
http://dbpedia.org/ontology/closeTo,0
http://dbpedia.org/ontology/closingDate,3788
http://dbpedia.org/ontology/closingYear,8207
http://dbpedia.org/ontology/coach,8903
http://dbpedia.org/ontology/coachedTeam,0
http://dbpedia.org/ontology/coastLength,0
http://dbpedia.org/ontology/coatOfArms,0
http://dbpedia.org/ontology/code,1150
http://dbpedia.org/ontology/codeMunicipalMonument,0
http://dbpedia.org/ontology/codeNationalMonument,0
http://dbpedia.org/ontology/codeProvincialMonument,0
http://dbpedia.org/ontology/collectionSize,0
http://dbpedia.org/ontology/colour,11072
http://dbpedia.org/ontology/colourHexCode,824
http://dbpedia.org/ontology/colourName,8965
http://dbpedia.org/ontology/commandant,0
http://dbpedia.org/ontology/commander,16618
http://dbpedia.org/ontology/comment,0
http://dbpedia.org/ontology/committee,660
http://dbpedia.org/ontology/commonName,165
http://dbpedia.org/ontology/company,21710
http://dbpedia.org/ontology/conflict,0
http://dbpedia.org/ontology/connotation,17
http://dbpedia.org/ontology/constituencyDistrict,46420
http://dbpedia.org/ontology/cosparId,2582
http://dbpedia.org/ontology/cost,6791
http://dbpedia.org/ontology/country,748190
http://dbpedia.org/ontology/countryCode,303
http://dbpedia.org/ontology/county,9109
http://dbpedia.org/ontology/courseArea,0
http://dbpedia.org/ontology/cpu,980
http://dbpedia.org/ontology/creationYear,0
http://dbpedia.org/ontology/creator,21855
http://dbpedia.org/ontology/crest,0
http://dbpedia.org/ontology/criteria,0
http://dbpedia.org/ontology/cuisine,1662
http://dbpedia.org/ontology/currency,1534
http://dbpedia.org/ontology/currencyCode,259
http://dbpedia.org/ontology/currentCity,0
http://dbpedia.org/ontology/currentStatus,222
http://dbpedia.org/ontology/dailyVaccinationsPerMillion,0
http://dbpedia.org/ontology/dailyVaccinationsRaw,0
http://dbpedia.org/ontology/date,22533
http://dbpedia.org/ontology/dateAgreement,0
http://dbpedia.org/ontology/dateBudget,0
http://dbpedia.org/ontology/dateOfAbandonment,273
http://dbpedia.org/ontology/daylightSavingTimeZone,0
http://dbpedia.org/ontology/dc:creator,0
http://dbpedia.org/ontology/dc:identifier,0
http://dbpedia.org/ontology/dc:language,0
http://dbpedia.org/ontology/dc:rights,0
http://dbpedia.org/ontology/dc:subject,0
http://dbpedia.org/ontology/dc:title,0
http://dbpedia.org/ontology/dc:type,0
http://dbpedia.org/ontology/dct:created,0
http://dbpedia.org/ontology/dct:dateSubmitted,0
http://dbpedia.org/ontology/dct:description,0
http://dbpedia.org/ontology/dct:extent,0
http://dbpedia.org/ontology/dct:format,0
http://dbpedia.org/ontology/dct:medium,0
http://dbpedia.org/ontology/dct:modified,0
http://dbpedia.org/ontology/dct:spatial,0
http://dbpedia.org/ontology/dct:subject,0
http://dbpedia.org/ontology/dct:temporal,0
http://dbpedia.org/ontology/dct:type,0
http://dbpedia.org/ontology/deFactoLanguage,0
http://dbpedia.org/ontology/deaths,0
http://dbpedia.org/ontology/deliveryDate,39
http://dbpedia.org/ontology/demonym,6994
http://dbpedia.org/ontology/density,125
http://dbpedia.org/ontology/depictionDescription,3385
http://dbpedia.org/ontology/depth,1399
http://dbpedia.org/ontology/depthQuote,0
http://dbpedia.org/ontology/depths,0
http://dbpedia.org/ontology/deputy,3631
http://dbpedia.org/ontology/description,12947
http://dbpedia.org/ontology/designCompany,1775
http://dbpedia.org/ontology/designer,10380
http://dbpedia.org/ontology/destructionDate,69
http://dbpedia.org/ontology/developer,27978
http://dbpedia.org/ontology/diameter,2731
http://dbpedia.org/ontology/diocese,10436
http://dbpedia.org/ontology/discoverer,3828
http://dbpedia.org/ontology/disease,28
http://dbpedia.org/ontology/distance,1578
http://dbpedia.org/ontology/distributor,80302
http://dbpedia.org/ontology/district,33959
http://dbpedia.org/ontology/division,17847
http://dbpedia.org/ontology/documentDesignation,0
http://dbpedia.org/ontology/dose,0
http://dbpedia.org/ontology/dosesFirst,0
http://dbpedia.org/ontology/dosesSecond,0
http://dbpedia.org/ontology/draft,10798
http://dbpedia.org/ontology/draftYear,32637
http://dbpedia.org/ontology/drug,0
http://dbpedia.org/ontology/drugbank,2431
http://dbpedia.org/ontology/duration,98
http://dbpedia.org/ontology/dynasty,0
http://dbpedia.org/ontology/eastPlace,0
http://dbpedia.org/ontology/editor,6088
http://dbpedia.org/ontology/einecsNumber,0
http://dbpedia.org/ontology/electionMajority,54
http://dbpedia.org/ontology/elementAbove,0
http://dbpedia.org/ontology/elevation,225985
http://dbpedia.org/ontology/elevationQuote,0
http://dbpedia.org/ontology/endOccupation,0
http://dbpedia.org/ontology/endPoint,0
http://dbpedia.org/ontology/endYear,0
http://dbpedia.org/ontology/endangeredSince,0
http://dbpedia.org/ontology/engineer,102
http://dbpedia.org/ontology/era,1867
http://dbpedia.org/ontology/ethnicGroupsInYear,3
http://dbpedia.org/ontology/event,2027
http://dbpedia.org/ontology/eventDate,0
http://dbpedia.org/ontology/executiveProducer,11057
http://dbpedia.org/ontology/exhibition,0
http://dbpedia.org/ontology/existence,0
http://dbpedia.org/ontology/extinctionDate,0
http://dbpedia.org/ontology/failedLaunches,222
http://dbpedia.org/ontology/fauna,0
http://dbpedia.org/ontology/fdaUniiCode,6406
http://dbpedia.org/ontology/feastDay,51
http://dbpedia.org/ontology/fighter,0
http://dbpedia.org/ontology/filmPolskiId,0
http://dbpedia.org/ontology/firstLeader,5041
http://dbpedia.org/ontology/firstOwner,0
http://dbpedia.org/ontology/firstPlace,0
http://dbpedia.org/ontology/firstPopularVote,45
http://dbpedia.org/ontology/flag,0
http://dbpedia.org/ontology/flagBorder,0
http://dbpedia.org/ontology/flagLink,0
http://dbpedia.org/ontology/floodingDate,27
http://dbpedia.org/ontology/flora,0
http://dbpedia.org/ontology/flower,0
http://dbpedia.org/ontology/foaf:based_near,0
http://dbpedia.org/ontology/foaf:depiction,0
http://dbpedia.org/ontology/foaf:familyName,0
http://dbpedia.org/ontology/foaf:gender,0
http://dbpedia.org/ontology/foaf:givenName,0
http://dbpedia.org/ontology/foaf:homepage,0
http://dbpedia.org/ontology/foaf:img,0
http://dbpedia.org/ontology/foaf:isPrimaryTopicOf,0
http://dbpedia.org/ontology/foaf:logo,0
http://dbpedia.org/ontology/foaf:mbox,0
http://dbpedia.org/ontology/foaf:name,0
http://dbpedia.org/ontology/foaf:nick,0
http://dbpedia.org/ontology/foaf:page,0
http://dbpedia.org/ontology/foaf:phone,0
http://dbpedia.org/ontology/foaf:surname,0
http://dbpedia.org/ontology/foaf:thumbnail,0
http://dbpedia.org/ontology/foaf:topic,0
http://dbpedia.org/ontology/focus,10
http://dbpedia.org/ontology/followedBy,0
http://dbpedia.org/ontology/follows,0
http://dbpedia.org/ontology/forces,0
http://dbpedia.org/ontology/foresterDistrict,0
http://dbpedia.org/ontology/format,23883
http://dbpedia.org/ontology/formerName,19554
http://dbpedia.org/ontology/foundedBy,17333
http://dbpedia.org/ontology/founder,2167
http://dbpedia.org/ontology/foundingDate,38091
http://dbpedia.org/ontology/foundingYear,107281
http://dbpedia.org/ontology/frequency,15600
http://dbpedia.org/ontology/frontierLength,0
http://dbpedia.org/ontology/fuel,0
http://dbpedia.org/ontology/fuelType,1335
http://dbpedia.org/ontology/gameModus,0
http://dbpedia.org/ontology/gender,640
http://dbpedia.org/ontology/genre,220423
http://dbpedia.org/ontology/geolocDual,0
http://dbpedia.org/ontology/geologicPeriod,0
http://dbpedia.org/ontology/geology,0
http://dbpedia.org/ontology/governingBody,7441
http://dbpedia.org/ontology/governmentType,17870
http://dbpedia.org/ontology/governor,7560
http://dbpedia.org/ontology/governorGeneral,628
http://dbpedia.org/ontology/greekName,24
http://dbpedia.org/ontology/greenLongDistancePisteNumber,0
http://dbpedia.org/ontology/greenSkiPisteNumber,0
http://dbpedia.org/ontology/gridReference,20735
http://dbpedia.org/ontology/grossDomesticProductPerPeople,0
http://dbpedia.org/ontology/grossDomesticProductRank,0
http://dbpedia.org/ontology/hasChannel,0
http://dbpedia.org/ontology/hasInput,0
http://dbpedia.org/ontology/hasInsidePlace,0
http://dbpedia.org/ontology/hasOutsidePlace,0
http://dbpedia.org/ontology/hasSurfaceForm,0
http://dbpedia.org/ontology/hasVariant,503
http://dbpedia.org/ontology/height,281108
http://dbpedia.org/ontology/heritageRegister,0
http://dbpedia.org/ontology/highestAltitude,0
http://dbpedia.org/ontology/highestMountain,0
http://dbpedia.org/ontology/highestPlace,33
http://dbpedia.org/ontology/highestPosition,0
http://dbpedia.org/ontology/highschool,20552
http://dbpedia.org/ontology/historicalMap,0
http://dbpedia.org/ontology/historicalName,0
http://dbpedia.org/ontology/homeArena,0
http://dbpedia.org/ontology/homeColourHexCode,0
http://dbpedia.org/ontology/homeStadium,11749
http://dbpedia.org/ontology/honours,2345
http://dbpedia.org/ontology/humanDevelopmentIndexRank,0
http://dbpedia.org/ontology/imageSize,1666
http://dbpedia.org/ontology/imdbId,74092
http://dbpedia.org/ontology/incumbent,58
http://dbpedia.org/ontology/individualisedGnd,326
http://dbpedia.org/ontology/influenced,2313
http://dbpedia.org/ontology/influencedBy,4570
http://dbpedia.org/ontology/information,0
http://dbpedia.org/ontology/informationName,0
http://dbpedia.org/ontology/inscription,0
http://dbpedia.org/ontology/institution,19797
http://dbpedia.org/ontology/intercommunality,12008
http://dbpedia.org/ontology/introduced,88
http://dbpedia.org/ontology/isPartOf,5056
http://dbpedia.org/ontology/isPartOfName,921
http://dbpedia.org/ontology/isRouteStop,0
http://dbpedia.org/ontology/isniId,293
http://dbpedia.org/ontology/iso31661Code,88
http://dbpedia.org/ontology/isoCode,0
http://dbpedia.org/ontology/jureLanguage,0
http://dbpedia.org/ontology/jurisdiction,8333
http://dbpedia.org/ontology/keyPerson,20865
http://dbpedia.org/ontology/kinOfLanguage,0
http://dbpedia.org/ontology/kindOfCoordinate,0
http://dbpedia.org/ontology/kindOfRock,0
http://dbpedia.org/ontology/knownFor,44078
http://dbpedia.org/ontology/lake,2829
http://dbpedia.org/ontology/land,0
http://dbpedia.org/ontology/landArea,0
http://dbpedia.org/ontology/landPercentage,0
http://dbpedia.org/ontology/language,97311
http://dbpedia.org/ontology/languageRegulator,235
http://dbpedia.org/ontology/latinName,1337
http://dbpedia.org/ontology/lawCountry,0
http://dbpedia.org/ontology/lccnId,832
http://dbpedia.org/ontology/leader,12914
http://dbpedia.org/ontology/league,53550
http://dbpedia.org/ontology/length,101430
http://dbpedia.org/ontology/lengthQuote,0
http://dbpedia.org/ontology/licensee,8649
http://dbpedia.org/ontology/lieutenant,1597
http://dbpedia.org/ontology/limit,0
http://dbpedia.org/ontology/linkedSpace,0
http://dbpedia.org/ontology/listItemOf,0
http://dbpedia.org/ontology/localAuthority,526
http://dbpedia.org/ontology/locatedInArea,28646
http://dbpedia.org/ontology/location,313652
http://dbpedia.org/ontology/locationCountry,10674
http://dbpedia.org/ontology/locationName,0
http://dbpedia.org/ontology/logo,1842
http://dbpedia.org/ontology/longDistancePisteKilometre,0
http://dbpedia.org/ontology/longDistancePisteNumber,0
http://dbpedia.org/ontology/longName,0
http://dbpedia.org/ontology/lowest,0
http://dbpedia.org/ontology/lowestAltitude,0
http://dbpedia.org/ontology/lowestMountain,0
http://dbpedia.org/ontology/lowestPlace,38
http://dbpedia.org/ontology/lowestPosition,0
http://dbpedia.org/ontology/mainInterest,1978
http://dbpedia.org/ontology/mainIsland,0
http://dbpedia.org/ontology/majorityFloorLeader,0
http://dbpedia.org/ontology/majorityLeader,0
http://dbpedia.org/ontology/management,205
http://dbpedia.org/ontology/managementElevation,0
http://dbpedia.org/ontology/managementMountain,0
http://dbpedia.org/ontology/managementPlace,0
http://dbpedia.org/ontology/managementPosition,0
http://dbpedia.org/ontology/managerYearsEndYear,0
http://dbpedia.org/ontology/managerYearsStartYear,0
http://dbpedia.org/ontology/mandate,0
http://dbpedia.org/ontology/manufactory,86
http://dbpedia.org/ontology/manufacturer,38671
http://dbpedia.org/ontology/map,122
http://dbpedia.org/ontology/mapCaption,51
http://dbpedia.org/ontology/mapDescription,0
http://dbpedia.org/ontology/mascot,15208
http://dbpedia.org/ontology/mass,274
http://dbpedia.org/ontology/material,384
http://dbpedia.org/ontology/max,0
http://dbpedia.org/ontology/maximumArea,0
http://dbpedia.org/ontology/maximumAreaQuote,0
http://dbpedia.org/ontology/maximumDepth,5251
http://dbpedia.org/ontology/maximumDepthQuote,0
http://dbpedia.org/ontology/maximumDischarge,0
http://dbpedia.org/ontology/maximumElevation,40355
http://dbpedia.org/ontology/mayor,417
http://dbpedia.org/ontology/mayorArticle,0
http://dbpedia.org/ontology/mayorCouncillor,0
http://dbpedia.org/ontology/mbaId,65
http://dbpedia.org/ontology/meaning,3549
http://dbpedia.org/ontology/mediaItem,0
http://dbpedia.org/ontology/medlinePlus,2794
http://dbpedia.org/ontology/meltingPoint,0
http://dbpedia.org/ontology/memberOfParliament,0
http://dbpedia.org/ontology/mergerDate,0
http://dbpedia.org/ontology/militaryGovernment,0
http://dbpedia.org/ontology/militaryUnitSize,9339
http://dbpedia.org/ontology/min,0
http://dbpedia.org/ontology/minimumArea,0
http://dbpedia.org/ontology/minimumAreaQuote,0
http://dbpedia.org/ontology/minimumDischarge,0
http://dbpedia.org/ontology/minimumElevation,39499
http://dbpedia.org/ontology/minister,1749
http://dbpedia.org/ontology/minorityFloorLeader,0
http://dbpedia.org/ontology/minorityLeader,0
http://dbpedia.org/ontology/mission,564
http://dbpedia.org/ontology/moderna,0
http://dbpedia.org/ontology/modernaCumul,0
http://dbpedia.org/ontology/monarch,735
http://dbpedia.org/ontology/month,88
http://dbpedia.org/ontology/motto,43839
http://dbpedia.org/ontology/mouthElevation,10370
http://dbpedia.org/ontology/municipality,784
http://dbpedia.org/ontology/municipalityCode,2782
http://dbpedia.org/ontology/musicBrainzArtistId,0
http://dbpedia.org/ontology/name,1453
http://dbpedia.org/ontology/nameAsOf,0
http://dbpedia.org/ontology/nameInCantoneseChinese,0
http://dbpedia.org/ontology/nameInHangulKorean,0
http://dbpedia.org/ontology/nameInHanjaKorean,0
http://dbpedia.org/ontology/nameInJapanese,0
http://dbpedia.org/ontology/nameInMindongyuChinese,0
http://dbpedia.org/ontology/nameInMinnanyuChinese,0
http://dbpedia.org/ontology/nameInPinyinChinese,0
http://dbpedia.org/ontology/nameInSimplifiedChinese,0
http://dbpedia.org/ontology/nameInTraditionalChinese,0
http://dbpedia.org/ontology/nameInWadeGilesChinese,0
http://dbpedia.org/ontology/namedAfter,3426
http://dbpedia.org/ontology/namedByLanguage,0
http://dbpedia.org/ontology/nationalTopographicSystemMapNumber,7367
http://dbpedia.org/ontology/ndlId,26
http://dbpedia.org/ontology/nearestCity,18022
http://dbpedia.org/ontology/neighbourRegion,0
http://dbpedia.org/ontology/newspaper,1
http://dbpedia.org/ontology/nextEntity,0
http://dbpedia.org/ontology/nlaId,18
http://dbpedia.org/ontology/nominee,18
http://dbpedia.org/ontology/northEastPlace,0
http://dbpedia.org/ontology/northPlace,0
http://dbpedia.org/ontology/northWestPlace,0
http://dbpedia.org/ontology/notableWork,5954
http://dbpedia.org/ontology/notes,516
http://dbpedia.org/ontology/number,89441
http://dbpedia.org/ontology/numberOfClasses,0
http://dbpedia.org/ontology/numberOfClassesWithResource,0
http://dbpedia.org/ontology/numberOfDisambiguates,0
http://dbpedia.org/ontology/numberOfIndegree,0
http://dbpedia.org/ontology/numberOfIsland,0
http://dbpedia.org/ontology/numberOfOutdegree,0
http://dbpedia.org/ontology/numberOfPersonBornInPlace,0
http://dbpedia.org/ontology/numberOfPixels,0
http://dbpedia.org/ontology/numberOfPredicates,0
http://dbpedia.org/ontology/numberOfProperties,0
http://dbpedia.org/ontology/numberOfPropertiesUsed,0
http://dbpedia.org/ontology/numberOfRedirectedResource,0
http://dbpedia.org/ontology/numberOfResource,0
http://dbpedia.org/ontology/numberOfResourceOfClass,0
http://dbpedia.org/ontology/numberOfResourceOfType,0
http://dbpedia.org/ontology/numberOfResourceWithType,0
http://dbpedia.org/ontology/numberOfSoccerPlayersBornInPlace,0
http://dbpedia.org/ontology/numberOfSports,0
http://dbpedia.org/ontology/numberOfSportsEvents,0
http://dbpedia.org/ontology/numberOfTriples,0
http://dbpedia.org/ontology/numberOfUniqeResources,0
http://dbpedia.org/ontology/numberOfUseOfProperty,0
http://dbpedia.org/ontology/numberOfVisitors,2039
http://dbpedia.org/ontology/nutsCode,0
http://dbpedia.org/ontology/occupation,293862
http://dbpedia.org/ontology/odor,0
http://dbpedia.org/ontology/office,220717
http://dbpedia.org/ontology/openingDate,37980
http://dbpedia.org/ontology/openingYear,53121
http://dbpedia.org/ontology/operator,22766
http://dbpedia.org/ontology/orbits,1
http://dbpedia.org/ontology/orcidId,89
http://dbpedia.org/ontology/orderInOffice,8425
http://dbpedia.org/ontology/organisation,501
http://dbpedia.org/ontology/origin,10790
http://dbpedia.org/ontology/originalName,143654
http://dbpedia.org/ontology/originallyUsedFor,61
http://dbpedia.org/ontology/orogeny,0
http://dbpedia.org/ontology/output,0
http://dbpedia.org/ontology/owl:differentFrom,0
http://dbpedia.org/ontology/owl:sameAs,0
http://dbpedia.org/ontology/owner,75264
http://dbpedia.org/ontology/owningCompany,12936
http://dbpedia.org/ontology/owningOrganisation,19563
http://dbpedia.org/ontology/pandemic,0
http://dbpedia.org/ontology/parentCompany,15298
http://dbpedia.org/ontology/parliament,0
http://dbpedia.org/ontology/parliamentType,0
http://dbpedia.org/ontology/part,4018
http://dbpedia.org/ontology/partialFailedLaunches,92
http://dbpedia.org/ontology/party,128760
http://dbpedia.org/ontology/partyNumber,0
http://dbpedia.org/ontology/pastMember,0
http://dbpedia.org/ontology/patronSaint,406
http://dbpedia.org/ontology/pccSecretary,0
http://dbpedia.org/ontology/peopleFullyVaccinated,0
http://dbpedia.org/ontology/peopleVaccinated,0
http://dbpedia.org/ontology/peopleVaccinatedPerHundred,0
http://dbpedia.org/ontology/percentage,0
http://dbpedia.org/ontology/percentageOfAreaWater,10392
http://dbpedia.org/ontology/perimeter,0
http://dbpedia.org/ontology/period,0
http://dbpedia.org/ontology/personsFirstDosesCumul,0
http://dbpedia.org/ontology/personsFullDosesCumul,0
http://dbpedia.org/ontology/pfizer,0
http://dbpedia.org/ontology/pfizerCumul,0
http://dbpedia.org/ontology/picture,4219
http://dbpedia.org/ontology/pictureDescription,0
http://dbpedia.org/ontology/picturesCommonsCategory,0
http://dbpedia.org/ontology/pisciculturalPopulation,0
http://dbpedia.org/ontology/place,16679
http://dbpedia.org/ontology/plant,0
http://dbpedia.org/ontology/playRole,0
http://dbpedia.org/ontology/playingTime,0
http://dbpedia.org/ontology/pole,0
http://dbpedia.org/ontology/politicalLeader,67019
http://dbpedia.org/ontology/populationQuote,0
http://dbpedia.org/ontology/populationTotal,317577
http://dbpedia.org/ontology/portfolio,278
http://dbpedia.org/ontology/position,307787
http://dbpedia.org/ontology/postalCode,216510
http://dbpedia.org/ontology/predecessor,215981
http://dbpedia.org/ontology/prefix,0
http://dbpedia.org/ontology/president,30535
http://dbpedia.org/ontology/presidentGeneralCouncilMandate,0
http://dbpedia.org/ontology/presidentRegionalCouncilMandate,0
http://dbpedia.org/ontology/previousEntity,0
http://dbpedia.org/ontology/price,0
http://dbpedia.org/ontology/primeMinister,28726
http://dbpedia.org/ontology/produces,0
http://dbpedia.org/ontology/productionEndDate,22
http://dbpedia.org/ontology/productionEndYear,10212
http://dbpedia.org/ontology/productionStartDate,33
http://dbpedia.org/ontology/productionStartYear,13055
http://dbpedia.org/ontology/prominence,9185
http://dbpedia.org/ontology/pronunciation,71
http://dbpedia.org/ontology/protectionStatus,0
http://dbpedia.org/ontology/provides,0
http://dbpedia.org/ontology/province,14478
http://dbpedia.org/ontology/provinceLink,0
http://dbpedia.org/ontology/publicationDate,5066
http://dbpedia.org/ontology/publiclyAccessible,0
http://dbpedia.org/ontology/purpose,9504
http://dbpedia.org/ontology/quotation,0
http://dbpedia.org/ontology/quote,735
http://dbpedia.org/ontology/race,5844
http://dbpedia.org/ontology/raceHorse,945
http://dbpedia.org/ontology/rank,0
http://dbpedia.org/ontology/rankAgreement,0
http://dbpedia.org/ontology/rating,260
http://dbpedia.org/ontology/rdf:type,0
http://dbpedia.org/ontology/rdfs:comment,0
http://dbpedia.org/ontology/rdfs:label,0
http://dbpedia.org/ontology/rdfs:seeAlso,0
http://dbpedia.org/ontology/rdfs:subClassOf,0
http://dbpedia.org/ontology/rebuildDate,7
http://dbpedia.org/ontology/recordLabel,107946
http://dbpedia.org/ontology/redLongDistancePisteNumber,0
http://dbpedia.org/ontology/redSkiPisteNumber,0
http://dbpedia.org/ontology/refcul,0
http://dbpedia.org/ontology/refgen,0
http://dbpedia.org/ontology/refgeo,0
http://dbpedia.org/ontology/refpol,0
http://dbpedia.org/ontology/regency,0
http://dbpedia.org/ontology/region,21787
http://dbpedia.org/ontology/regionLink,0
http://dbpedia.org/ontology/regionType,0
http://dbpedia.org/ontology/regionalPrefecture,0
http://dbpedia.org/ontology/registry,355
http://dbpedia.org/ontology/related,9839
http://dbpedia.org/ontology/relatedPlaces,0
http://dbpedia.org/ontology/releaseDate,135968
http://dbpedia.org/ontology/relief,0
http://dbpedia.org/ontology/religion,22301
http://dbpedia.org/ontology/religiousHead,52
http://dbpedia.org/ontology/reopened,0
http://dbpedia.org/ontology/representative,0
http://dbpedia.org/ontology/requirement,0
http://dbpedia.org/ontology/restoreDate,40
http://dbpedia.org/ontology/restriction,337
http://dbpedia.org/ontology/retentionTime,0
http://dbpedia.org/ontology/retired,238
http://dbpedia.org/ontology/ridId,2
http://dbpedia.org/ontology/river,2371
http://dbpedia.org/ontology/rkdArtistsId,0
http://dbpedia.org/ontology/role,10792
http://dbpedia.org/ontology/route,0
http://dbpedia.org/ontology/royalAnthem,0
http://dbpedia.org/ontology/runningMate,9
http://dbpedia.org/ontology/sales,206
http://dbpedia.org/ontology/scale,0
http://dbpedia.org/ontology/score,0
http://dbpedia.org/ontology/sea,0
http://dbpedia.org/ontology/secondLeader,4501
http://dbpedia.org/ontology/secondPlace,0
http://dbpedia.org/ontology/secondPopularVote,57
http://dbpedia.org/ontology/selibrId,5
http://dbpedia.org/ontology/senator,0
http://dbpedia.org/ontology/seniority,1629
http://dbpedia.org/ontology/series,21198
http://dbpedia.org/ontology/sessionNumber,0
http://dbpedia.org/ontology/settlement,0
http://dbpedia.org/ontology/setupTime,0
http://dbpedia.org/ontology/show,2
http://dbpedia.org/ontology/similar,605
http://dbpedia.org/ontology/siren,0
http://dbpedia.org/ontology/sizeBlazon,0
http://dbpedia.org/ontology/sizeLogo,0
http://dbpedia.org/ontology/sizeMap,0
http://dbpedia.org/ontology/sizeThumbnail,0
http://dbpedia.org/ontology/skiLift,0
http://dbpedia.org/ontology/skiPisteKilometre,0
http://dbpedia.org/ontology/skiPisteNumber,0
http://dbpedia.org/ontology/skiTow,0
http://dbpedia.org/ontology/skills,0
http://dbpedia.org/ontology/skos:broader,0
http://dbpedia.org/ontology/skos:prefLabel,0
http://dbpedia.org/ontology/skos:related,0
http://dbpedia.org/ontology/slogan,16779
http://dbpedia.org/ontology/snowParkNumber,0
http://dbpedia.org/ontology/soundRecording,9999
http://dbpedia.org/ontology/source,0
http://dbpedia.org/ontology/sourceConfluenceElevation,0
http://dbpedia.org/ontology/sourceDistrict,0
http://dbpedia.org/ontology/sourceElevation,1
http://dbpedia.org/ontology/sourceMountain,2
http://dbpedia.org/ontology/sourceName,0
http://dbpedia.org/ontology/sourcePlace,2
http://dbpedia.org/ontology/sourcePosition,1
http://dbpedia.org/ontology/sourceRegion,0
http://dbpedia.org/ontology/sourceState,0
http://dbpedia.org/ontology/sourceText,0
http://dbpedia.org/ontology/sourceWebsite,0
http://dbpedia.org/ontology/southEastPlace,0
http://dbpedia.org/ontology/southPlace,0
http://dbpedia.org/ontology/southWestPlace,0
http://dbpedia.org/ontology/sovereignCountry,0
http://dbpedia.org/ontology/speaker,37
http://dbpedia.org/ontology/specialist,292
http://dbpedia.org/ontology/specialization,22
http://dbpedia.org/ontology/sport,3934
http://dbpedia.org/ontology/sportGoverningBody,257
http://dbpedia.org/ontology/stadium,3178
http://dbpedia.org/ontology/startOccupation,0
http://dbpedia.org/ontology/startPoint,0
http://dbpedia.org/ontology/startYear,31
http://dbpedia.org/ontology/statName,0
http://dbpedia.org/ontology/statValue,0
http://dbpedia.org/ontology/state,44776
http://dbpedia.org/ontology/stateDelegate,0
http://dbpedia.org/ontology/status,56133
http://dbpedia.org/ontology/statusYear,0
http://dbpedia.org/ontology/subPrefecture,0
http://dbpedia.org/ontology/subdivision,435018
http://dbpedia.org/ontology/subdivisionLink,0
http://dbpedia.org/ontology/subdivisions,2
http://dbpedia.org/ontology/sublimationPoint,0
http://dbpedia.org/ontology/subregion,132
http://dbpedia.org/ontology/subsystem,0
http://dbpedia.org/ontology/subsystemLink,0
http://dbpedia.org/ontology/subtitle,443
http://dbpedia.org/ontology/successfulLaunches,271
http://dbpedia.org/ontology/successor,212248
http://dbpedia.org/ontology/sudocId,151
http://dbpedia.org/ontology/supply,0
http://dbpedia.org/ontology/surfaceFormOccurrenceOffset,0
http://dbpedia.org/ontology/surfaceType,0
http://dbpedia.org/ontology/synonym,62611
http://dbpedia.org/ontology/systemRequirements,0
http://dbpedia.org/ontology/tag,0
http://dbpedia.org/ontology/taoiseach,862
http://dbpedia.org/ontology/team,1921540
http://dbpedia.org/ontology/teamSize,99
http://dbpedia.org/ontology/televisionSeries,2141
http://dbpedia.org/ontology/temperature,329
http://dbpedia.org/ontology/tennisSurfaceType,6992
http://dbpedia.org/ontology/termPeriod,159154
http://dbpedia.org/ontology/thirdPlace,0
http://dbpedia.org/ontology/thumbnail,1695460
http://dbpedia.org/ontology/thumbnailCaption,0
http://dbpedia.org/ontology/time,18917
http://dbpedia.org/ontology/timeInSpace,122
http://dbpedia.org/ontology/timeZone,295806
http://dbpedia.org/ontology/title,336273
http://dbpedia.org/ontology/topSpeed,22233
http://dbpedia.org/ontology/totalLaunches,374
http://dbpedia.org/ontology/totalVaccinations,0
http://dbpedia.org/ontology/totalVaccinationsPerHundred,0
http://dbpedia.org/ontology/tradeMark,0
http://dbpedia.org/ontology/translatedMotto,0
http://dbpedia.org/ontology/tree,0
http://dbpedia.org/ontology/type,445639
http://dbpedia.org/ontology/typeCoordinate,0
http://dbpedia.org/ontology/ulanId,10
http://dbpedia.org/ontology/unesco,0
http://dbpedia.org/ontology/university,3919
http://dbpedia.org/ontology/unloCode,0
http://dbpedia.org/ontology/updated,0
http://dbpedia.org/ontology/uses,0
http://dbpedia.org/ontology/usk,0
http://dbpedia.org/ontology/utcOffset,329619
http://dbpedia.org/ontology/vaccine,0
http://dbpedia.org/ontology/value,0
http://dbpedia.org/ontology/variantOf,4688
http://dbpedia.org/ontology/vehicle,39
http://dbpedia.org/ontology/vehicleCode,0
http://dbpedia.org/ontology/viafId,0
http://dbpedia.org/ontology/viceChancellor,486
http://dbpedia.org/ontology/vicePresident,1389
http://dbpedia.org/ontology/vicePrimeMinister,28
http://dbpedia.org/ontology/victim,91
http://dbpedia.org/ontology/victims,123
http://dbpedia.org/ontology/voice,3896
http://dbpedia.org/ontology/volume,4233
http://dbpedia.org/ontology/volumeQuote,0
http://dbpedia.org/ontology/water,0
http://dbpedia.org/ontology/waterArea,0
http://dbpedia.org/ontology/waterPercentage,0
http://dbpedia.org/ontology/webcast,8699
http://dbpedia.org/ontology/websiteLabel,13
http://dbpedia.org/ontology/weight,107366
http://dbpedia.org/ontology/westPlace,0
http://dbpedia.org/ontology/wholeArea,0
http://dbpedia.org/ontology/width,19674
http://dbpedia.org/ontology/widthQuote,0
http://dbpedia.org/ontology/wikiPageCharacterSize,0
http://dbpedia.org/ontology/wikiPageDisambiguates,327109
http://dbpedia.org/ontology/wikiPageEditLink,0
http://dbpedia.org/ontology/wikiPageExternalLink,2819399
http://dbpedia.org/ontology/wikiPageExtracted,0
http://dbpedia.org/ontology/wikiPageHistoryLink,0
http://dbpedia.org/ontology/wikiPageID,0
http://dbpedia.org/ontology/wikiPageInDegree,0
http://dbpedia.org/ontology/wikiPageInterLanguageLink,36026
http://dbpedia.org/ontology/wikiPageLength,16065936
http://dbpedia.org/ontology/wikiPageModified,0
http://dbpedia.org/ontology/wikiPageOutDegree,0
http://dbpedia.org/ontology/wikiPageRedirects,9831591
http://dbpedia.org/ontology/wikiPageRevisionID,0
http://dbpedia.org/ontology/wikiPageRevisionLink,0
http://dbpedia.org/ontology/wikiPageUsesTemplate,0
http://dbpedia.org/ontology/wikiPageWikiLink,0
http://dbpedia.org/ontology/wikiPageWikiLinkText,0
http://dbpedia.org/ontology/wikidataSplitIri,0
http://dbpedia.org/ontology/wins,2156
http://dbpedia.org/ontology/year,26467
http://dbpedia.org/ontology/yearOfConstruction,58119
http://dbpedia.org/ontology/zodiacSign,0
http://dbpedia.org/ontology/کتاب,0
